"HVAC";"TExt";"HExt";"VelMax";"TInt";"month";"hour";"minOccupancy";"workDay";"date"
1.0;13.23;507.0;4.31;21.203333;2.0;1.0;0.0;1.0;2/1/16 1:00 AM
1.0;13.4;507.70833333333337;4.02;21.651666499999997;2.0;2.0;0.0;1.0;2/1/16 2:00 AM
1.0;13.29;508.125;4.12;21.973333;2.0;3.0;0.0;1.0;2/1/16 3:00 AM
1.0;12.99;509.125;4.51;21.973333;2.0;4.0;0.0;1.0;2/1/16 4:00 AM
1.0;12.06;509.875;0.98;21.973333;2.0;5.0;0.0;1.0;2/1/16 5:00 AM
1.0;11.13;510.375;0.39;22.114166500000003;2.0;6.0;0.0;1.0;2/1/16 6:00 AM
1.0;10.69;510.70833333333337;0.0;22.536667;2.0;7.0;0.0;1.0;2/1/16 7:00 AM
1.0;10.23;510.33333333333337;0.0;23.080002;2.0;8.0;1.0;1.0;2/1/16 8:00 AM
1.0;10.95;508.625;0.0;23.080002;2.0;9.0;1.0;1.0;2/1/16 9:00 AM
0.0;11.85;505.33333333333337;0.49;22.6575015;2.0;10.0;1.0;1.0;2/1/16 10:00 AM
0.0;12.56;504.0;0.88;22.516668;2.0;11.0;1.0;1.0;2/1/16 11:00 AM
0.0;13.8;501.8125;0.69;22.516668;2.0;12.0;1.0;1.0;2/1/16 12:00 PM
0.0;14.1;499.4;2.06;22.516668;2.0;13.0;1.0;1.0;2/1/16 1:00 PM
0.0;14.35;498.7083333333333;1.86;22.516668;2.0;14.0;1.0;1.0;2/1/16 2:00 PM
0.0;14.03;497.29166666666663;3.63;22.516668;2.0;15.0;1.0;1.0;2/1/16 3:00 PM
0.0;13.74;500.41666666666663;2.45;22.516668;2.0;16.0;1.0;1.0;2/1/16 4:00 PM
0.0;13.32;503.45833333333337;1.76;22.516668;2.0;17.0;1.0;1.0;2/1/16 5:00 PM
0.0;12.68;506.625;0.0;22.3666675;2.0;18.0;0.0;1.0;2/1/16 6:00 PM
0.0;12.43;508.95833333333337;1.37;21.916666;2.0;19.0;0.0;1.0;2/1/16 7:00 PM
0.0;11.81;511.08333333333337;1.37;21.916666;2.0;20.0;0.0;1.0;2/1/16 8:00 PM
0.0;11.39;512.5833333333333;0.88;21.77666625;2.0;21.0;0.0;1.0;2/1/16 9:00 PM
0.0;10.83;514.1666666666666;1.27;21.356667;2.0;22.0;0.0;1.0;2/1/16 10:00 PM
0.0;10.73;515.375;1.18;21.356667;2.0;23.0;0.0;1.0;2/1/16 11:00 PM
0.0;10.51;515.2083333333333;1.08;21.106667;2.0;0.0;0.0;1.0;2/2/16 12:00 AM
0.0;10.3;516.0;0.88;20.856667;2.0;1.0;0.0;1.0;2/2/16 1:00 AM
0.0;10.32;516.7083333333334;0.69;21.294999500000003;2.0;2.0;0.0;1.0;2/2/16 2:00 AM
1.0;10.23;517.0;0.69;21.733332;2.0;3.0;0.0;1.0;2/2/16 3:00 AM
1.0;10.05;517.1666666666667;1.37;21.733332;2.0;4.0;0.0;1.0;2/2/16 4:00 AM
1.0;9.58;517.8333333333333;1.96;21.733332;2.0;5.0;0.0;1.0;2/2/16 5:00 AM
1.0;8.94;519.5416666666667;0.69;22.349999999999998;2.0;6.0;0.0;1.0;2/2/16 6:00 AM
1.0;8.82;520.75;0.0;22.349999999999998;2.0;7.0;0.0;1.0;2/2/16 7:00 AM
1.0;8.98;518.3333333333334;0.59;22.976666999999996;2.0;8.0;1.0;1.0;2/2/16 8:00 AM
0.0;9.7;515.2916666666666;1.18;22.976666999999996;2.0;9.0;1.0;1.0;2/2/16 9:00 AM
0.0;10.48;512.2916666666666;1.27;22.976666999999996;2.0;10.0;1.0;1.0;2/2/16 10:00 AM
0.0;11.27;510.125;1.08;22.976666999999996;2.0;11.0;1.0;1.0;2/2/16 11:00 AM
0.0;11.94;508.125;0.59;22.976666999999996;2.0;12.0;1.0;1.0;2/2/16 12:00 PM
0.0;13.18;507.875;0.49;22.976666999999996;2.0;13.0;1.0;1.0;2/2/16 1:00 PM
0.0;13.19;507.83333333333337;1.18;22.976666999999996;2.0;14.0;1.0;1.0;2/2/16 2:00 PM
0.0;13.33;507.33333333333337;1.96;22.976666999999996;2.0;15.0;1.0;1.0;2/2/16 3:00 PM
0.0;12.58;509.75;1.96;22.976666999999996;2.0;16.0;1.0;1.0;2/2/16 4:00 PM
0.0;11.96;514.125;1.27;22.824167;2.0;17.0;1.0;1.0;2/2/16 5:00 PM
0.0;11.63;516.9583333333333;2.25;22.366667000000003;2.0;18.0;0.0;1.0;2/2/16 6:00 PM
0.0;11.48;518.9583333333333;1.37;22.366667000000003;2.0;19.0;0.0;1.0;2/2/16 7:00 PM
0.0;11.13;519.875;1.86;21.849166250000003;2.0;20.0;0.0;1.0;2/2/16 8:00 PM
0.0;11.45;520.6666666666667;1.86;21.676666000000004;2.0;21.0;0.0;1.0;2/2/16 9:00 PM
0.0;11.3;521.0;3.92;21.543332749999998;2.0;22.0;0.0;1.0;2/2/16 10:00 PM
0.0;11.07;521.2916666666667;0.0;21.143333;2.0;23.0;0.0;1.0;2/2/16 11:00 PM
0.0;10.86;522.0;0.0;21.143333;2.0;0.0;0.0;1.0;2/3/16 12:00 AM
0.0;10.42;522.0;1.47;21.143333;2.0;1.0;0.0;1.0;2/3/16 1:00 AM
0.0;10.52;522.9166666666666;1.57;21.491665500000003;2.0;2.0;0.0;1.0;2/3/16 2:00 AM
1.0;10.73;523.7083333333333;3.63;21.839998000000005;2.0;3.0;0.0;1.0;2/3/16 3:00 AM
1.0;10.22;524.5;9.9;21.839998000000005;2.0;4.0;0.0;1.0;2/3/16 4:00 AM
1.0;9.54;528.3333333333333;2.94;21.839998000000005;2.0;5.0;0.0;1.0;2/3/16 5:00 AM
1.0;9.5;528.8333333333333;3.82;22.569999999999997;2.0;6.0;0.0;1.0;2/3/16 6:00 AM
1.0;9.35;528.875;5.1;22.569999999999997;2.0;7.0;0.0;1.0;2/3/16 7:00 AM
1.0;9.18;526.7916666666667;4.41;23.183334;2.0;8.0;1.0;1.0;2/3/16 8:00 AM
1.0;9.17;524.5416666666666;5.98;23.183334;2.0;9.0;1.0;1.0;2/3/16 9:00 AM
1.0;10.03;525.0;5.49;23.183334;2.0;10.0;1.0;1.0;2/3/16 10:00 AM
1.0;10.25;521.5;5.98;23.183334;2.0;11.0;1.0;1.0;2/3/16 11:00 AM
1.0;10.0;517.1666666666667;5.59;23.183334;2.0;12.0;1.0;1.0;2/3/16 12:00 PM
1.0;11.66;515.0416666666667;7.35;23.183334;2.0;13.0;1.0;1.0;2/3/16 1:00 PM
1.0;8.26;516.6666666666667;4.9;23.183334;2.0;14.0;1.0;1.0;2/3/16 2:00 PM
1.0;8.85;521.0416666666667;7.25;23.183334;2.0;15.0;1.0;1.0;2/3/16 3:00 PM
1.0;8.5;541.5;2.65;23.183334;2.0;16.0;1.0;1.0;2/3/16 4:00 PM
0.0;8.1;568.3333333333333;2.84;23.01833375;2.0;17.0;1.0;1.0;2/3/16 5:00 PM
0.0;7.15;565.125;1.76;22.523333000000004;2.0;18.0;0.0;1.0;2/3/16 6:00 PM
0.0;6.76;564.0;5.78;22.523333000000004;2.0;19.0;0.0;1.0;2/3/16 7:00 PM
0.0;7.09;561.4166666666667;2.55;21.910832;2.0;20.0;0.0;1.0;2/3/16 8:00 PM
0.0;6.15;560.125;2.25;21.706665;2.0;21.0;0.0;1.0;2/3/16 9:00 PM
0.0;6.4;561.125;2.45;21.565832;2.0;22.0;0.0;1.0;2/3/16 10:00 PM
0.0;6.1;559.1666666666667;1.76;21.143333;2.0;23.0;0.0;1.0;2/3/16 11:00 PM
0.0;5.19;558.9583333333333;0.78;21.143333;2.0;0.0;0.0;1.0;2/4/16 12:00 AM
0.0;5.41;558.375;2.45;20.96499875;2.0;1.0;0.0;1.0;2/4/16 1:00 AM
0.0;5.85;556.875;1.47;21.351665499999996;2.0;2.0;0.0;1.0;2/4/16 2:00 AM
1.0;5.81;555.8333333333333;1.76;21.603332999999996;2.0;3.0;0.0;1.0;2/4/16 3:00 AM
1.0;5.57;556.4166666666666;1.57;21.603332999999996;2.0;4.0;0.0;1.0;2/4/16 4:00 AM
1.0;5.43;556.7083333333334;2.74;21.603332999999996;2.0;5.0;0.0;1.0;2/4/16 5:00 AM
1.0;5.35;556.4166666666667;0.0;21.84111133333333;2.0;6.0;0.0;1.0;2/4/16 6:00 AM
1.0;5.02;555.5416666666667;1.08;22.48166775;2.0;7.0;0.0;1.0;2/4/16 7:00 AM
1.0;5.34;553.8333333333334;0.88;22.976667;2.0;8.0;1.0;1.0;2/4/16 8:00 AM
1.0;6.03;550.9333333333334;0.88;22.976667;2.0;9.0;1.0;1.0;2/4/16 9:00 AM
0.0;6.15;545.7121212121212;1.96;22.976667;2.0;10.0;1.0;1.0;2/4/16 10:00 AM
0.0;7.12;538.9166666666667;2.35;22.976667;2.0;11.0;1.0;1.0;2/4/16 11:00 AM
0.0;8.88;537.9583333333333;2.25;22.976667;2.0;12.0;1.0;1.0;2/4/16 12:00 PM
0.0;11.28;531.5833333333334;1.08;22.976667;2.0;13.0;1.0;1.0;2/4/16 1:00 PM
0.0;10.87;511.1;2.16;22.976667;2.0;14.0;1.0;1.0;2/4/16 2:00 PM
0.0;11.23;501.2083333333333;4.12;22.976667;2.0;15.0;1.0;1.0;2/4/16 3:00 PM
0.0;10.61;520.9166666666666;4.02;23.114167000000002;2.0;16.0;1.0;1.0;2/4/16 4:00 PM
0.0;9.59;511.20833333333337;3.23;23.526667;2.0;17.0;1.0;1.0;2/4/16 5:00 PM
0.0;7.46;534.8333333333333;1.86;22.983332;2.0;18.0;0.0;1.0;2/4/16 6:00 PM
0.0;6.07;550.9204545454545;0.69;22.8433325;2.0;19.0;0.0;1.0;2/4/16 7:00 PM
0.0;5.29;557.3333333333333;1.18;22.423334;2.0;20.0;0.0;1.0;2/4/16 8:00 PM
0.0;4.82;559.9469696969697;1.27;21.94833275;2.0;21.0;0.0;1.0;2/4/16 9:00 PM
0.0;4.21;561.2954545454545;0.0;21.789999;2.0;22.0;0.0;1.0;2/4/16 10:00 PM
0.0;4.33;561.8611111111111;2.06;21.463333000000002;2.0;23.0;0.0;1.0;2/4/16 11:00 PM
0.0;3.96;560.9772727272727;2.16;21.136667;2.0;0.0;0.0;2.0;2/5/16 12:00 AM
0.0;4.12;559.9166666666667;2.35;20.883333;2.0;1.0;0.0;2.0;2/5/16 1:00 AM
0.0;3.88;560.4722222222222;2.74;21.17;2.0;2.0;0.0;2.0;2/5/16 2:00 AM
1.0;3.6;559.9810606060605;3.72;21.535001;2.0;3.0;0.0;2.0;2/5/16 3:00 AM
1.0;3.5;560.1;4.41;21.900002;2.0;4.0;0.0;2.0;2/5/16 4:00 AM
1.0;3.37;561.0972222222222;1.96;21.900002;2.0;5.0;0.0;2.0;2/5/16 5:00 AM
1.0;2.85;562.5;2.45;21.900002;2.0;6.0;0.0;2.0;2/5/16 6:00 AM
1.0;2.73;563.9583333333333;1.47;22.213334500000002;2.0;7.0;0.0;2.0;2/5/16 7:00 AM
1.0;2.64;560.4166666666667;1.96;22.776667;2.0;8.0;1.0;2.0;2/5/16 8:00 AM
1.0;3.59;556.6666666666667;1.47;23.026667;2.0;9.0;1.0;2.0;2/5/16 9:00 AM
0.0;7.54;554.0416666666667;1.86;23.026667;2.0;10.0;1.0;2.0;2/5/16 10:00 AM
0.0;11.12;548.2083333333334;2.94;23.026667;2.0;11.0;1.0;2.0;2/5/16 11:00 AM
0.0;15.53;541.75;2.25;23.026667;2.0;12.0;1.0;2.0;2/5/16 12:00 PM
0.0;17.15;535.1666666666667;2.06;23.026667;2.0;13.0;1.0;2.0;2/5/16 1:00 PM
0.0;16.35;514.6666666666666;4.02;23.026667;2.0;14.0;1.0;2.0;2/5/16 2:00 PM
0.0;16.05;504.375;1.76;23.026667;2.0;15.0;0.0;2.0;2/5/16 3:00 PM
0.0;15.63;508.66666666666663;6.57;23.026667;2.0;16.0;0.0;2.0;2/5/16 4:00 PM
0.0;13.64;519.0416666666666;2.74;23.026667;2.0;17.0;0.0;2.0;2/5/16 5:00 PM
0.0;11.87;536.25;1.27;23.026667;2.0;18.0;0.0;2.0;2/5/16 6:00 PM
0.0;9.87;550.2083333333333;1.76;22.601667499999998;2.0;19.0;0.0;2.0;2/5/16 7:00 PM
0.0;8.19;556.25;1.37;22.460001;2.0;20.0;0.0;2.0;2/5/16 8:00 PM
0.0;7.18;559.5416666666667;1.96;21.737499;2.0;21.0;0.0;2.0;2/5/16 9:00 PM
0.0;6.63;561.8333333333333;1.18;21.15;2.0;22.0;0.0;2.0;2/5/16 10:00 PM
0.0;5.48;564.1666666666667;1.67;21.15;2.0;23.0;0.0;2.0;2/5/16 11:00 PM
0.0;9.93;564.25;7.55;21.15;2.0;0.0;0.0;0.0;2/6/16 12:00 AM
0.0;11.09;563.0833333333334;7.94;21.15;2.0;1.0;0.0;0.0;2/6/16 1:00 AM
0.0;11.48;560.875;8.23;21.15;2.0;2.0;0.0;0.0;2/6/16 2:00 AM
0.0;11.72;561.9166666666667;10.19;21.15;2.0;3.0;0.0;0.0;2/6/16 3:00 AM
0.0;12.04;560.2083333333334;12.84;20.7299985;2.0;4.0;0.0;0.0;2/6/16 4:00 AM
0.0;12.31;560.2083333333333;9.51;20.589998;2.0;5.0;0.0;0.0;2/6/16 5:00 AM
0.0;11.77;559.75;10.58;20.589998;2.0;6.0;0.0;0.0;2/6/16 6:00 AM
0.0;11.3;560.4166666666667;8.43;20.589998;2.0;7.0;0.0;0.0;2/6/16 7:00 AM
0.0;10.78;559.8333333333334;2.65;20.589998;2.0;8.0;0.0;0.0;2/6/16 8:00 AM
0.0;11.07;558.4583333333333;8.72;20.589998;2.0;9.0;0.0;0.0;2/6/16 9:00 AM
0.0;13.15;553.625;9.51;20.589998;2.0;10.0;0.0;0.0;2/6/16 10:00 AM
0.0;14.29;549.4583333333333;9.6;20.589998;2.0;11.0;0.0;0.0;2/6/16 11:00 AM
0.0;14.91;546.2916666666666;11.07;20.589998;2.0;12.0;0.0;0.0;2/6/16 12:00 PM
0.0;13.51;540.0833333333333;9.31;20.589998;2.0;13.0;0.0;0.0;2/6/16 1:00 PM
0.0;14.93;524.5833333333333;7.35;20.589998;2.0;14.0;0.0;0.0;2/6/16 2:00 PM
0.0;15.14;531.2916666666667;6.96;20.589998;2.0;15.0;0.0;0.0;2/6/16 3:00 PM
0.0;14.65;542.5;6.57;20.589998;2.0;16.0;0.0;0.0;2/6/16 4:00 PM
0.0;14.43;549.125;6.76;20.589998;2.0;17.0;0.0;0.0;2/6/16 5:00 PM
0.0;16.62;552.375;16.86;20.589998;2.0;18.0;0.0;0.0;2/6/16 6:00 PM
0.0;15.81;552.2083333333333;7.94;20.589998;2.0;19.0;0.0;0.0;2/6/16 7:00 PM
0.0;15.05;551.2916666666667;3.92;20.589998;2.0;20.0;0.0;0.0;2/6/16 8:00 PM
0.0;11.8;551.0833333333333;10.49;20.589998;2.0;21.0;0.0;0.0;2/6/16 9:00 PM
0.0;8.35;589.25;2.45;19.986666;2.0;22.0;0.0;0.0;2/6/16 10:00 PM
0.0;7.63;610.125;1.57;19.986666;2.0;23.0;0.0;0.0;2/6/16 11:00 PM
0.0;7.36;608.5833333333334;4.02;19.986666;2.0;0.0;0.0;0.0;2/7/16 12:00 AM
0.0;6.87;603.0833333333333;1.96;19.986666;2.0;1.0;0.0;0.0;2/7/16 1:00 AM
0.0;6.32;611.0416666666667;2.55;19.986666;2.0;2.0;0.0;0.0;2/7/16 2:00 AM
0.0;6.73;653.7916666666667;2.84;19.986666;2.0;3.0;0.0;0.0;2/7/16 3:00 AM
0.0;6.78;683.7916666666667;6.37;19.986666;2.0;4.0;0.0;0.0;2/7/16 4:00 AM
0.0;6.43;698.25;3.33;19.986666;2.0;5.0;0.0;0.0;2/7/16 5:00 AM
0.0;5.67;706.625;2.94;19.986666;2.0;6.0;0.0;0.0;2/7/16 6:00 AM
0.0;5.7;713.3333333333333;6.27;19.4566665;2.0;7.0;0.0;0.0;2/7/16 7:00 AM
0.0;6.37;719.5416666666667;4.12;19.28;2.0;8.0;0.0;0.0;2/7/16 8:00 AM
0.0;5.86;718.2083333333333;1.86;19.28;2.0;9.0;0.0;0.0;2/7/16 9:00 AM
0.0;9.8;727.8333333333333;5.49;19.4075;2.0;10.0;0.0;0.0;2/7/16 10:00 AM
0.0;12.05;721.875;5.88;19.79;2.0;11.0;0.0;0.0;2/7/16 11:00 AM
0.0;11.06;724.625;6.47;19.79;2.0;12.0;0.0;0.0;2/7/16 12:00 PM
0.0;10.57;721.5416666666667;5.49;19.79;2.0;13.0;0.0;0.0;2/7/16 1:00 PM
0.0;11.65;725.0833333333333;5.1;19.79;2.0;14.0;0.0;0.0;2/7/16 2:00 PM
0.0;11.56;722.125;3.53;19.79;2.0;15.0;0.0;0.0;2/7/16 3:00 PM
0.0;11.42;721.2083333333334;4.21;19.79;2.0;16.0;0.0;0.0;2/7/16 4:00 PM
0.0;10.56;723.125;1.37;19.79;2.0;17.0;0.0;0.0;2/7/16 5:00 PM
0.0;9.57;715.0;3.72;19.79;2.0;18.0;0.0;0.0;2/7/16 6:00 PM
0.0;10.16;719.9583333333333;3.04;19.79;2.0;19.0;0.0;0.0;2/7/16 7:00 PM
0.0;10.7;738.5416666666666;3.33;19.79;2.0;20.0;0.0;0.0;2/7/16 8:00 PM
0.0;11.18;731.0833333333334;4.51;19.66499975;2.0;21.0;0.0;0.0;2/7/16 9:00 PM
0.0;11.79;741.4166666666667;4.7;19.289999;2.0;22.0;0.0;0.0;2/7/16 10:00 PM
0.0;12.0;742.375;8.62;19.289999;2.0;23.0;0.0;0.0;2/7/16 11:00 PM
0.0;11.79;737.75;7.15;20.2158325;2.0;0.0;0.0;1.0;2/8/16 12:00 AM
1.0;11.66;735.0416666666667;10.88;20.7258335;2.0;1.0;0.0;1.0;2/8/16 1:00 AM
1.0;11.57;740.25;7.64;21.02166725;2.0;2.0;0.0;1.0;2/8/16 2:00 AM
1.0;11.9;739.4583333333333;8.33;21.526667;2.0;3.0;0.0;1.0;2/8/16 3:00 AM
1.0;12.08;742.5833333333333;9.41;21.526667;2.0;4.0;0.0;1.0;2/8/16 4:00 AM
1.0;12.17;743.875;10.68;21.526667;2.0;5.0;0.0;1.0;2/8/16 5:00 AM
1.0;12.13;742.125;6.76;21.891111666666664;2.0;6.0;0.0;1.0;2/8/16 6:00 AM
1.0;15.71;754.7916666666666;10.98;22.175554666666667;2.0;6.0;0.0;1.0;2/9/16 6:00 AM
1.0;15.87;755.875;18.13;22.599998;2.0;7.0;0.0;1.0;2/9/16 7:00 AM
1.0;16.1;753.875;9.31;22.9824995;2.0;8.0;1.0;1.0;2/9/16 8:00 AM
1.0;16.14;751.7916666666666;16.27;23.11;2.0;9.0;1.0;1.0;2/9/16 9:00 AM
0.0;16.2;745.4166666666666;14.7;22.722499000000003;2.0;10.0;1.0;1.0;2/9/16 10:00 AM
0.0;16.35;743.0416666666667;15.97;22.593332;2.0;11.0;1.0;1.0;2/9/16 11:00 AM
0.0;17.31;744.7916666666667;11.27;22.593332;2.0;12.0;1.0;1.0;2/9/16 12:00 PM
0.0;15.09;729.375;5.68;22.593332;2.0;13.0;1.0;1.0;2/9/16 1:00 PM
0.0;12.38;711.2916666666667;6.37;22.593332;2.0;14.0;1.0;1.0;2/9/16 2:00 PM
0.0;10.16;726.0833333333333;8.62;22.593332;2.0;15.0;1.0;1.0;2/9/16 3:00 PM
0.0;9.12;724.4583333333334;7.15;22.593332;2.0;16.0;1.0;1.0;2/9/16 4:00 PM
0.0;8.34;726.5;6.37;22.248333000000002;2.0;17.0;1.0;1.0;2/9/16 5:00 PM
0.0;8.2;728.9583333333334;2.45;21.903334;2.0;18.0;0.0;1.0;2/9/16 6:00 PM
0.0;8.14;730.375;5.98;21.903334;2.0;19.0;0.0;1.0;2/9/16 7:00 PM
0.0;7.96;731.625;2.65;21.336664;2.0;20.0;0.0;1.0;2/9/16 8:00 PM
0.0;8.09;551.9166666666666;6.96;21.336664;2.0;21.0;0.0;1.0;2/9/16 9:00 PM
0.0;7.56;551.8333333333334;8.53;21.187497999999998;2.0;22.0;0.0;1.0;2/9/16 10:00 PM
0.0;7.6;552.3333333333334;8.72;20.74;2.0;23.0;0.0;1.0;2/9/16 11:00 PM
0.0;7.61;552.4166666666666;8.13;20.74;2.0;0.0;0.0;1.0;2/10/16 12:00 AM
0.0;7.45;553.0833333333334;5.0;20.633332499999998;2.0;1.0;0.0;1.0;2/10/16 1:00 AM
0.0;7.67;553.0;7.55;20.9008325;2.0;2.0;0.0;1.0;2/10/16 2:00 AM
1.0;7.64;553.5;9.11;21.293333;2.0;3.0;0.0;1.0;2/10/16 3:00 AM
1.0;7.61;553.75;7.94;21.7383335;2.0;4.0;0.0;1.0;2/10/16 4:00 AM
1.0;7.45;553.75;1.47;21.886667;2.0;5.0;0.0;1.0;2/10/16 5:00 AM
1.0;7.58;553.1666666666666;4.61;21.886666999999996;2.0;6.0;0.0;1.0;2/10/16 6:00 AM
1.0;7.56;553.4166666666666;3.14;22.1600005;2.0;7.0;0.0;1.0;2/10/16 7:00 AM
1.0;7.7;552.25;1.08;22.566666749999996;2.0;8.0;1.0;1.0;2/10/16 8:00 AM
1.0;8.11;550.3333333333334;1.47;22.966665;2.0;9.0;1.0;1.0;2/10/16 9:00 AM
0.0;8.43;547.3333333333334;2.25;22.966665;2.0;10.0;1.0;1.0;2/10/16 10:00 AM
0.0;8.51;545.25;2.74;22.966665;2.0;11.0;1.0;1.0;2/10/16 11:00 AM
0.0;8.68;544.9166666666666;1.37;22.966665;2.0;12.0;1.0;1.0;2/10/16 12:00 PM
0.0;9.26;542.25;3.82;22.966665;2.0;13.0;1.0;1.0;2/10/16 1:00 PM
0.0;8.34;543.0833333333334;6.47;22.966665;2.0;14.0;1.0;1.0;2/10/16 2:00 PM
0.0;8.31;547.25;2.45;22.966665;2.0;15.0;1.0;1.0;2/10/16 3:00 PM
0.0;8.16;546.6666666666666;1.76;22.966665;2.0;16.0;1.0;1.0;2/10/16 4:00 PM
0.0;7.35;545.8333333333334;1.37;22.313334;2.0;17.0;1.0;1.0;2/10/16 5:00 PM
0.0;6.84;548.0833333333334;1.86;22.313334;2.0;18.0;0.0;1.0;2/10/16 6:00 PM
0.0;6.56;549.6666666666666;1.86;21.616669;2.0;19.0;0.0;1.0;2/10/16 7:00 PM
0.0;6.6;551.5833333333334;2.16;21.616669;2.0;20.0;0.0;1.0;2/10/16 8:00 PM
0.0;6.79;552.0;1.18;21.616669;2.0;21.0;0.0;1.0;2/10/16 9:00 PM
0.0;6.82;552.8333333333334;0.78;20.746666;2.0;22.0;0.0;1.0;2/10/16 10:00 PM
0.0;6.98;553.0833333333334;0.2;20.746666;2.0;23.0;0.0;1.0;2/10/16 11:00 PM
0.0;7.18;552.3333333333334;1.27;20.746666;2.0;0.0;0.0;1.0;2/11/16 12:00 AM
0.0;7.36;552.4166666666666;1.76;20.746666;2.0;1.0;0.0;1.0;2/11/16 1:00 AM
0.0;8.5;552.5;2.55;21.048333;2.0;2.0;0.0;1.0;2/11/16 2:00 AM
1.0;9.24;553.5;7.55;21.35;2.0;3.0;0.0;1.0;2/11/16 3:00 AM
1.0;9.06;552.0833333333334;5.78;21.673333000000003;2.0;4.0;0.0;1.0;2/11/16 4:00 AM
1.0;9.13;551.0;6.76;21.996666;2.0;5.0;0.0;1.0;2/11/16 5:00 AM
1.0;8.89;551.4166666666666;7.45;21.996666;2.0;6.0;0.0;1.0;2/11/16 6:00 AM
1.0;8.66;551.1666666666666;7.06;22.586668;2.0;7.0;0.0;1.0;2/11/16 7:00 AM
1.0;8.12;550.0833333333334;4.7;23.193335;2.0;8.0;1.0;1.0;2/11/16 8:00 AM
1.0;8.01;549.9166666666666;2.55;23.193335;2.0;9.0;1.0;1.0;2/11/16 9:00 AM
0.0;8.41;549.0833333333334;1.47;23.193335;2.0;10.0;1.0;1.0;2/11/16 10:00 AM
0.0;9.41;546.0833333333334;4.9;22.8916665;2.0;11.0;1.0;1.0;2/11/16 11:00 AM
0.0;10.39;540.5;5.88;22.589998;2.0;12.0;1.0;1.0;2/11/16 12:00 PM
0.0;10.06;537.0;4.61;22.589998;2.0;13.0;1.0;1.0;2/11/16 1:00 PM
0.0;9.81;540.4166666666666;3.92;22.589998;2.0;14.0;1.0;1.0;2/11/16 2:00 PM
0.0;9.63;545.5833333333334;1.67;22.589998;2.0;15.0;1.0;1.0;2/11/16 3:00 PM
0.0;9.99;545.3333333333334;2.94;22.589998;2.0;16.0;1.0;1.0;2/11/16 4:00 PM
0.0;9.48;545.5;1.57;22.589998;2.0;17.0;1.0;1.0;2/11/16 5:00 PM
0.0;8.68;545.75;0.0;22.439998499999998;2.0;18.0;0.0;1.0;2/11/16 6:00 PM
0.0;8.29;548.0;0.78;21.99;2.0;19.0;0.0;1.0;2/11/16 7:00 PM
0.0;7.66;549.6666666666666;1.27;21.847499499999998;2.0;20.0;0.0;1.0;2/11/16 8:00 PM
0.0;7.71;552.5833333333334;0.78;21.419998;2.0;21.0;0.0;1.0;2/11/16 9:00 PM
0.0;7.84;553.0;0.69;21.419998;2.0;22.0;0.0;1.0;2/11/16 10:00 PM
0.0;7.98;552.75;2.16;20.98;2.0;23.0;0.0;1.0;2/11/16 11:00 PM
0.0;8.12;553.3333333333334;0.88;20.833334;2.0;0.0;0.0;2.0;2/12/16 12:00 AM
0.0;8.1;553.0;2.25;20.833334;2.0;1.0;0.0;2.0;2/12/16 1:00 AM
0.0;8.3;552.8333333333334;1.27;21.2108345;2.0;2.0;0.0;2.0;2/12/16 2:00 AM
1.0;8.47;552.5;1.27;21.648334499999997;2.0;3.0;0.0;2.0;2/12/16 3:00 AM
1.0;8.83;552.75;2.45;21.960001;2.0;4.0;0.0;2.0;2/12/16 4:00 AM
1.0;10.2;552.4166666666666;5.29;21.960001;2.0;5.0;0.0;2.0;2/12/16 5:00 AM
1.0;10.48;551.4166666666666;2.55;22.49;2.0;6.0;0.0;2.0;2/12/16 6:00 AM
1.0;10.93;550.3333333333334;7.15;22.64916625;2.0;7.0;0.0;2.0;2/12/16 7:00 AM
1.0;11.39;549.4166666666666;3.23;23.126665;2.0;8.0;1.0;2.0;2/12/16 8:00 AM
1.0;11.86;545.6666666666666;5.49;23.126665;2.0;9.0;1.0;2.0;2/12/16 9:00 AM
0.0;12.89;543.8333333333334;0.69;23.126665;2.0;10.0;1.0;2.0;2/12/16 10:00 AM
0.0;13.09;540.6666666666666;1.67;23.126665;2.0;11.0;1.0;2.0;2/12/16 11:00 AM
0.0;13.25;540.1666666666666;2.45;23.126665;2.0;12.0;1.0;2.0;2/12/16 12:00 PM
0.0;12.1;542.3333333333334;8.04;23.126665;2.0;13.0;1.0;2.0;2/12/16 1:00 PM
0.0;12.73;544.1666666666666;2.25;23.126665;2.0;14.0;1.0;2.0;2/12/16 2:00 PM
0.0;12.05;542.9166666666666;1.86;22.929999249999998;2.0;15.0;0.0;2.0;2/12/16 3:00 PM
0.0;11.99;545.1666666666666;1.47;22.340002;2.0;16.0;0.0;2.0;2/12/16 4:00 PM
0.0;11.87;547.8333333333334;3.14;22.340002;2.0;17.0;0.0;2.0;2/12/16 5:00 PM
0.0;11.41;548.6666666666666;2.94;22.026667500000002;2.0;18.0;0.0;2.0;2/12/16 6:00 PM
0.0;10.99;550.0;3.14;21.713333;2.0;19.0;0.0;2.0;2/12/16 7:00 PM
0.0;10.74;550.25;1.57;21.713333;2.0;20.0;0.0;2.0;2/12/16 8:00 PM
0.0;10.76;551.9166666666666;0.78;21.713333;2.0;21.0;0.0;2.0;2/12/16 9:00 PM
0.0;10.7;551.0;0.88;21.30083225;2.0;22.0;0.0;2.0;2/12/16 10:00 PM
0.0;10.64;551.5833333333334;0.0;21.163332;2.0;23.0;0.0;2.0;2/12/16 11:00 PM
0.0;10.82;552.3333333333334;1.47;21.163332;2.0;0.0;0.0;0.0;2/13/16 12:00 AM
0.0;10.99;552.0833333333334;1.37;20.646667;2.0;1.0;0.0;0.0;2/13/16 1:00 AM
0.0;11.02;552.3333333333334;0.88;20.646667;2.0;2.0;0.0;0.0;2/13/16 2:00 AM
0.0;11.18;552.25;0.0;20.646667;2.0;3.0;0.0;0.0;2/13/16 3:00 AM
0.0;11.91;552.4166666666666;1.47;20.646667;2.0;4.0;0.0;0.0;2/13/16 4:00 AM
0.0;12.27;552.0833333333334;3.14;20.646667;2.0;5.0;0.0;0.0;2/13/16 5:00 AM
0.0;12.25;552.0;1.67;20.646667;2.0;6.0;0.0;0.0;2/13/16 6:00 AM
0.0;12.64;552.25;3.43;20.646667;2.0;7.0;0.0;0.0;2/13/16 7:00 AM
0.0;13.15;553.0;5.98;20.646667;2.0;8.0;0.0;0.0;2/13/16 8:00 AM
0.0;13.43;550.0;1.67;20.646667;2.0;9.0;0.0;0.0;2/13/16 9:00 AM
0.0;15.96;547.1666666666666;2.16;20.646667;2.0;10.0;0.0;0.0;2/13/16 10:00 AM
0.0;18.59;544.75;1.96;20.9049995;2.0;11.0;0.0;0.0;2/13/16 11:00 AM
0.0;19.82;538.3333333333334;3.63;21.163332;2.0;12.0;0.0;0.0;2/13/16 12:00 PM
0.0;17.45;529.6666666666666;5.88;21.163332;2.0;13.0;0.0;0.0;2/13/16 1:00 PM
0.0;15.06;538.4166666666666;5.0;21.163332;2.0;14.0;0.0;0.0;2/13/16 2:00 PM
0.0;12.61;547.1666666666666;5.19;21.163332;2.0;15.0;0.0;0.0;2/13/16 3:00 PM
0.0;12.31;551.1666666666666;3.23;21.163332;2.0;16.0;0.0;0.0;2/13/16 4:00 PM
0.0;12.24;553.5833333333334;1.96;20.536667;2.0;17.0;0.0;0.0;2/13/16 5:00 PM
0.0;11.99;553.8333333333334;1.96;20.65250025;2.0;18.0;0.0;0.0;2/13/16 6:00 PM
0.0;11.57;555.0;3.63;20.52;2.0;19.0;0.0;0.0;2/13/16 7:00 PM
0.0;10.9;556.1666666666666;2.06;20.52;2.0;20.0;0.0;0.0;2/13/16 8:00 PM
0.0;10.68;558.1666666666666;2.06;20.52;2.0;21.0;0.0;0.0;2/13/16 9:00 PM
0.0;11.05;558.0;5.19;20.52;2.0;22.0;0.0;0.0;2/13/16 10:00 PM
0.0;10.53;559.0833333333334;4.21;20.3675;2.0;23.0;0.0;0.0;2/13/16 11:00 PM
0.0;10.28;559.25;19.6;20.456667;2.0;0.0;0.0;0.0;2/14/16 12:00 AM
0.0;9.68;559.75;14.99;20.014167;2.0;1.0;0.0;0.0;2/14/16 1:00 AM
0.0;9.51;560.5833333333334;10.39;19.866667;2.0;2.0;0.0;0.0;2/14/16 2:00 AM
0.0;8.83;561.8333333333334;9.21;19.866667;2.0;3.0;0.0;0.0;2/14/16 3:00 AM
0.0;9.13;563.75;4.21;19.866667;2.0;4.0;0.0;0.0;2/14/16 4:00 AM
0.0;9.0;563.4166666666666;3.53;19.866667;2.0;5.0;0.0;0.0;2/14/16 5:00 AM
0.0;7.12;564.25;2.55;19.866667;2.0;6.0;0.0;0.0;2/14/16 6:00 AM
0.0;6.54;566.5;1.86;19.866667;2.0;7.0;0.0;0.0;2/14/16 7:00 AM
0.0;6.72;567.0;2.55;19.866667;2.0;8.0;0.0;0.0;2/14/16 8:00 AM
0.0;9.24;566.3333333333334;2.74;19.866667;2.0;9.0;0.0;0.0;2/14/16 9:00 AM
0.0;10.11;563.3333333333334;4.21;19.866667;2.0;10.0;0.0;0.0;2/14/16 10:00 AM
0.0;8.99;559.5833333333334;10.58;19.29166675;2.0;11.0;0.0;0.0;2/14/16 11:00 AM
0.0;6.68;560.0833333333334;17.44;19.1;2.0;12.0;0.0;0.0;2/14/16 12:00 PM
0.0;5.93;563.6666666666666;13.13;19.1;2.0;13.0;0.0;0.0;2/14/16 1:00 PM
0.0;5.75;566.4166666666666;13.72;19.1;2.0;14.0;0.0;0.0;2/14/16 2:00 PM
0.0;5.53;568.0833333333334;7.84;19.1;2.0;15.0;0.0;0.0;2/14/16 3:00 PM
0.0;6.04;568.9166666666666;4.61;19.1;2.0;16.0;0.0;0.0;2/14/16 4:00 PM
0.0;6.31;569.5;5.49;19.1;2.0;17.0;0.0;0.0;2/14/16 5:00 PM
0.0;6.16;569.25;5.78;19.1;2.0;18.0;0.0;0.0;2/14/16 6:00 PM
0.0;5.91;569.1666666666666;8.13;19.1;2.0;19.0;0.0;0.0;2/14/16 7:00 PM
0.0;5.19;569.25;7.25;18.6024995;2.0;20.0;0.0;0.0;2/14/16 8:00 PM
0.0;4.92;570.8333333333334;2.84;18.436666;2.0;21.0;0.0;0.0;2/14/16 9:00 PM
0.0;5.21;572.3333333333334;4.02;18.8816665;2.0;22.0;0.0;0.0;2/14/16 10:00 PM
0.0;5.21;572.0833333333334;5.19;19.03;2.0;23.0;0.0;0.0;2/14/16 11:00 PM
0.0;5.2;572.0;1.86;19.450000000000003;2.0;0.0;0.0;1.0;2/15/16 12:00 AM
1.0;5.04;571.9166666666666;3.63;20.204998500000002;2.0;1.0;0.0;1.0;2/15/16 1:00 AM
1.0;4.87;572.0833333333334;3.33;20.409998;2.0;2.0;0.0;1.0;2/15/16 2:00 AM
1.0;4.94;573.0;1.47;20.910002;2.0;3.0;0.0;1.0;2/15/16 3:00 AM
1.0;5.07;573.0;2.45;20.910002;2.0;4.0;0.0;1.0;2/15/16 4:00 AM
1.0;5.29;573.1666666666666;2.74;21.2250005;2.0;5.0;0.0;1.0;2/15/16 5:00 AM
1.0;4.72;573.75;3.72;21.539999;2.0;6.0;0.0;1.0;2/15/16 6:00 AM
1.0;4.34;573.5833333333334;3.53;21.539999;2.0;7.0;0.0;1.0;2/15/16 7:00 AM
1.0;5.08;572.8333333333334;1.47;22.063334;2.0;8.0;1.0;1.0;2/15/16 8:00 AM
1.0;5.11;570.0833333333334;7.35;22.063334;2.0;9.0;1.0;1.0;2/15/16 9:00 AM
1.0;6.36;569.3333333333334;13.62;22.063334;2.0;10.0;1.0;1.0;2/15/16 10:00 AM
1.0;7.55;565.4166666666666;11.47;22.063334;2.0;11.0;1.0;1.0;2/15/16 11:00 AM
0.0;5.51;465.9166666666667;10.09;22.063334;2.0;12.0;1.0;1.0;2/15/16 12:00 PM
0.0;6.71;562.4166666666666;9.9;22.063334;2.0;13.0;1.0;1.0;2/15/16 1:00 PM
0.0;4.89;564.0;8.62;22.063334;2.0;14.0;1.0;1.0;2/15/16 2:00 PM
0.0;6.09;566.4166666666666;8.53;22.063334;2.0;15.0;1.0;1.0;2/15/16 3:00 PM
0.0;6.46;567.0833333333334;8.43;21.785;2.0;16.0;1.0;1.0;2/15/16 4:00 PM
0.0;7.21;463.4583333333333;8.13;21.506666;2.0;17.0;1.0;1.0;2/15/16 5:00 PM
0.0;3.93;484.625;10.68;21.3583325;2.0;18.0;0.0;1.0;2/15/16 6:00 PM
0.0;4.4;492.16666666666663;2.94;20.913332;2.0;19.0;0.0;1.0;2/15/16 7:00 PM
0.0;3.96;492.0833333333333;7.06;20.24833325;2.0;20.0;0.0;1.0;2/15/16 8:00 PM
0.0;3.83;492.41666666666663;3.53;20.57666675;2.0;21.0;0.0;1.0;2/15/16 9:00 PM
0.0;3.57;493.33333333333337;5.1;21.1016675;2.0;22.0;0.0;1.0;2/15/16 10:00 PM
0.0;3.43;495.9583333333333;2.55;21.443335;2.0;23.0;0.0;1.0;2/15/16 11:00 PM
0.0;4.11;495.4166666666667;2.74;21.443335;2.0;0.0;0.0;1.0;2/16/16 12:00 AM
0.0;3.51;495.625;2.65;21.443335;2.0;1.0;0.0;1.0;2/16/16 1:00 AM
0.0;3.08;497.16666666666663;1.27;21.443335;2.0;2.0;0.0;1.0;2/16/16 2:00 AM
1.0;4.19;497.16666666666663;7.45;21.443335;2.0;3.0;0.0;1.0;2/16/16 3:00 AM
1.0;3.51;498.0416666666667;3.53;21.9383335;2.0;4.0;0.0;1.0;2/16/16 4:00 AM
1.0;2.81;500.04166666666663;2.35;22.103333;2.0;5.0;0.0;1.0;2/16/16 5:00 AM
1.0;2.82;500.5;2.74;22.103333;2.0;6.0;0.0;1.0;2/16/16 6:00 AM
1.0;2.63;500.70833333333337;2.74;22.103333;2.0;7.0;0.0;1.0;2/16/16 7:00 AM
1.0;2.66;499.66666666666663;1.37;22.408333;2.0;8.0;1.0;1.0;2/16/16 8:00 AM
1.0;4.71;488.95833333333337;1.96;22.713333;2.0;9.0;1.0;1.0;2/16/16 9:00 AM
1.0;5.31;484.20833333333337;5.78;22.713333;2.0;10.0;1.0;1.0;2/16/16 10:00 AM
1.0;5.75;473.3333333333333;9.41;23.193332999999996;2.0;11.0;1.0;1.0;2/16/16 11:00 AM
1.0;6.59;473.96590909090907;9.21;23.353333;2.0;12.0;1.0;1.0;2/16/16 12:00 PM
0.0;6.7;470.08333333333337;6.08;22.616667;2.0;13.0;1.0;1.0;2/16/16 1:00 PM
0.0;6.31;464.25;5.59;22.616667;2.0;14.0;1.0;1.0;2/16/16 2:00 PM
0.0;6.67;461.29166666666663;8.53;22.616667;2.0;15.0;1.0;1.0;2/16/16 3:00 PM
0.0;6.9;464.91666666666663;5.29;22.616667;2.0;16.0;1.0;1.0;2/16/16 4:00 PM
0.0;6.21;479.4166666666667;4.12;22.326667;2.0;17.0;1.0;1.0;2/16/16 5:00 PM
0.0;5.34;490.75;1.96;21.902500250000003;2.0;18.0;0.0;1.0;2/16/16 6:00 PM
0.0;4.58;500.25;1.08;21.5;2.0;19.0;0.0;1.0;2/16/16 7:00 PM
0.0;4.41;502.83333333333337;0.98;21.035000750000002;2.0;20.0;0.0;1.0;2/16/16 8:00 PM
0.0;2.91;504.875;1.67;20.880001;2.0;21.0;0.0;1.0;2/16/16 9:00 PM
0.0;1.48;508.0833333333333;2.25;20.400000249999998;2.0;22.0;0.0;1.0;2/16/16 10:00 PM
0.0;1.18;510.54166666666663;2.06;20.5166665;2.0;23.0;0.0;1.0;2/16/16 11:00 PM
0.0;0.81;511.125;1.67;21.253334249999998;2.0;0.0;0.0;1.0;2/17/16 12:00 AM
1.0;1.06;510.375;0.0;21.406668;2.0;1.0;0.0;1.0;2/17/16 1:00 AM
1.0;0.4;511.70833333333337;0.0;21.406668;2.0;2.0;0.0;1.0;2/17/16 2:00 AM
1.0;-0.37;513.9583333333334;0.98;21.406668;2.0;3.0;0.0;1.0;2/17/16 3:00 AM
1.0;-0.84;515.5;1.47;21.906668;2.0;4.0;0.0;1.0;2/17/16 4:00 AM
1.0;-0.85;517.2916666666667;1.57;21.906668;2.0;5.0;0.0;1.0;2/17/16 5:00 AM
1.0;-0.91;517.7916666666666;1.37;21.906668;2.0;6.0;0.0;1.0;2/17/16 6:00 AM
1.0;-0.94;518.1666666666666;1.37;21.906668;2.0;7.0;0.0;1.0;2/17/16 7:00 AM
1.0;-0.78;516.5833333333334;2.84;22.3016665;2.0;8.0;1.0;1.0;2/17/16 8:00 AM
1.0;1.34;506.4166666666667;2.25;22.696665;2.0;9.0;1.0;1.0;2/17/16 9:00 AM
1.0;4.7;496.75;2.74;22.696665;2.0;10.0;1.0;1.0;2/17/16 10:00 AM
1.0;7.93;490.7916666666667;2.74;22.9683325;2.0;11.0;1.0;1.0;2/17/16 11:00 AM
1.0;8.94;484.04166666666663;7.06;23.24;2.0;12.0;1.0;1.0;2/17/16 12:00 PM
0.0;9.85;477.0;4.51;23.077499500000002;2.0;13.0;1.0;1.0;2/17/16 1:00 PM
0.0;10.6;462.1666666666667;5.49;22.589998;2.0;14.0;1.0;1.0;2/17/16 2:00 PM
0.0;8.96;458.0416666666667;6.47;22.589998;2.0;15.0;1.0;1.0;2/17/16 3:00 PM
0.0;8.95;474.5416666666667;4.12;22.589998;2.0;16.0;1.0;1.0;2/17/16 4:00 PM
0.0;8.1;486.375;3.63;22.0199995;2.0;17.0;1.0;1.0;2/17/16 5:00 PM
0.0;7.67;498.4166666666667;2.94;21.83;2.0;18.0;0.0;1.0;2/17/16 6:00 PM
0.0;7.51;502.91666666666663;2.16;21.243332;2.0;19.0;0.0;1.0;2/17/16 7:00 PM
0.0;7.19;503.625;2.16;21.243332;2.0;20.0;0.0;1.0;2/17/16 8:00 PM
0.0;5.23;505.20833333333337;1.86;20.656666;2.0;21.0;0.0;1.0;2/17/16 9:00 PM
0.0;6.02;506.8333333333333;3.14;20.656666;2.0;22.0;0.0;1.0;2/17/16 10:00 PM
0.0;7.32;506.875;6.17;20.656666;2.0;23.0;0.0;1.0;2/17/16 11:00 PM
0.0;6.85;507.2083333333333;1.47;21.191666500000004;2.0;0.0;0.0;1.0;2/18/16 12:00 AM
1.0;6.17;506.625;2.06;21.37;2.0;1.0;0.0;1.0;2/18/16 1:00 AM
1.0;6.18;507.83333333333337;1.67;21.876669;2.0;2.0;0.0;1.0;2/18/16 2:00 AM
1.0;5.91;508.29166666666663;2.45;22.384165499999998;2.0;3.0;0.0;1.0;2/18/16 3:00 AM
1.0;6.12;507.91666666666663;4.21;22.553331;2.0;4.0;0.0;1.0;2/18/16 4:00 AM
1.0;6.11;508.58333333333337;2.55;22.553331;2.0;5.0;0.0;1.0;2/18/16 5:00 AM
1.0;5.67;509.25;4.41;22.553331;2.0;6.0;0.0;1.0;2/18/16 6:00 AM
1.0;5.55;510.2083333333333;5.0;22.553331;2.0;7.0;0.0;1.0;2/18/16 7:00 AM
1.0;5.71;509.29166666666663;4.12;22.834999000000003;2.0;8.0;1.0;1.0;2/18/16 8:00 AM
1.0;5.56;506.58333333333337;2.55;23.116667;2.0;9.0;1.0;1.0;2/18/16 9:00 AM
1.0;5.77;501.5833333333333;3.04;23.116667;2.0;10.0;1.0;1.0;2/18/16 10:00 AM
1.0;6.33;493.20833333333337;7.25;23.116667;2.0;11.0;1.0;1.0;2/18/16 11:00 AM
1.0;6.56;492.20833333333337;2.25;23.116667;2.0;12.0;1.0;1.0;2/18/16 12:00 PM
1.0;6.75;495.8333333333333;4.8;23.116667;2.0;13.0;1.0;1.0;2/18/16 1:00 PM
1.0;7.4;486.1666666666667;5.78;22.982500249999998;2.0;14.0;1.0;1.0;2/18/16 2:00 PM
0.0;8.28;468.58333333333337;2.94;22.58;2.0;15.0;1.0;1.0;2/18/16 3:00 PM
0.0;7.0;488.2083333333333;1.67;22.58;2.0;16.0;1.0;1.0;2/18/16 4:00 PM
0.0;7.05;468.45833333333337;2.25;22.58;2.0;17.0;1.0;1.0;2/18/16 5:00 PM
0.0;4.59;488.625;1.18;22.58;2.0;18.0;0.0;1.0;2/18/16 6:00 PM
0.0;3.32;510.375;1.96;21.81;2.0;19.0;0.0;1.0;2/18/16 7:00 PM
0.0;3.13;516.875;1.08;21.68;2.0;20.0;0.0;1.0;2/18/16 8:00 PM
0.0;3.4;517.2083333333333;2.16;21.29;2.0;21.0;0.0;1.0;2/18/16 9:00 PM
0.0;4.01;516.9166666666666;2.25;21.013334;2.0;22.0;0.0;1.0;2/18/16 10:00 PM
0.0;3.92;517.625;1.08;20.461668000000003;2.0;23.0;0.0;1.0;2/18/16 11:00 PM
0.0;4.28;516.3333333333334;2.06;21.37;2.0;0.0;0.0;2.0;2/19/16 12:00 AM
1.0;3.76;517.4166666666666;0.78;21.733333000000002;2.0;1.0;0.0;2.0;2/19/16 1:00 AM
1.0;3.42;517.9166666666666;0.98;22.096666;2.0;2.0;0.0;2.0;2/19/16 2:00 AM
1.0;3.16;519.75;1.67;22.096666;2.0;3.0;0.0;2.0;2/19/16 3:00 AM
1.0;2.97;520.375;0.78;22.096666;2.0;4.0;0.0;2.0;2/19/16 4:00 AM
1.0;3.03;520.0416666666666;1.27;22.096666;2.0;5.0;0.0;2.0;2/19/16 5:00 AM
1.0;2.31;520.2083333333334;1.76;22.096666;2.0;6.0;0.0;2.0;2/19/16 6:00 AM
1.0;2.28;520.25;1.18;22.3616655;2.0;7.0;0.0;2.0;2/19/16 7:00 AM
1.0;2.53;516.9583333333333;1.67;22.7766655;2.0;8.0;1.0;2.0;2/19/16 8:00 AM
1.0;3.75;506.5;2.16;23.226667;2.0;9.0;1.0;2.0;2/19/16 9:00 AM
1.0;5.92;498.45833333333337;0.98;23.226667;2.0;10.0;1.0;2.0;2/19/16 10:00 AM
1.0;8.24;490.83333333333337;7.15;23.226667;2.0;11.0;1.0;2.0;2/19/16 11:00 AM
1.0;11.92;482.54166666666663;6.37;23.226667;2.0;12.0;1.0;2.0;2/19/16 12:00 PM
1.0;9.92;482.7916666666667;2.84;23.093334000000002;2.0;13.0;1.0;2.0;2/19/16 1:00 PM
1.0;10.46;470.66666666666663;1.47;22.693335;2.0;14.0;1.0;2.0;2/19/16 2:00 PM
0.0;9.72;459.8333333333333;1.27;22.693335;2.0;15.0;0.0;2.0;2/19/16 3:00 PM
0.0;11.62;436.3333333333333;2.55;23.10833475;2.0;16.0;0.0;2.0;2/19/16 4:00 PM
0.0;10.25;472.1607142857143;4.21;23.246668;2.0;17.0;0.0;2.0;2/19/16 5:00 PM
0.0;7.71;490.7916666666667;2.25;22.956666999999996;2.0;18.0;0.0;2.0;2/19/16 6:00 PM
0.0;5.77;517.4166666666667;0.0;22.163336;2.0;19.0;0.0;2.0;2/19/16 7:00 PM
0.0;4.61;522.875;1.57;21.901668;2.0;20.0;0.0;2.0;2/19/16 8:00 PM
0.0;4.04;525.4583333333333;0.88;21.64;2.0;21.0;0.0;2.0;2/19/16 9:00 PM
0.0;3.55;526.5833333333334;0.98;20.916666;2.0;22.0;0.0;2.0;2/19/16 10:00 PM
0.0;2.88;527.4166666666667;0.78;20.916666;2.0;23.0;0.0;2.0;2/19/16 11:00 PM
0.0;2.33;527.4583333333334;0.78;20.916666;2.0;0.0;0.0;0.0;2/20/16 12:00 AM
0.0;1.98;527.9583333333334;0.0;20.50916775;2.0;1.0;0.0;0.0;2/20/16 1:00 AM
0.0;1.27;528.5416666666666;1.57;20.373335;2.0;2.0;0.0;0.0;2/20/16 2:00 AM
0.0;1.1;529.125;1.18;20.0616675;2.0;3.0;0.0;0.0;2/20/16 3:00 AM
0.0;0.91;529.5;1.18;19.75;2.0;4.0;0.0;0.0;2/20/16 4:00 AM
0.0;1.51;529.7083333333334;0.78;19.75;2.0;5.0;0.0;0.0;2/20/16 5:00 AM
0.0;1.21;530.4583333333334;1.27;19.75;2.0;6.0;0.0;0.0;2/20/16 6:00 AM
0.0;0.92;531.125;1.76;19.75;2.0;7.0;0.0;0.0;2/20/16 7:00 AM
0.0;1.19;527.8333333333334;0.98;19.14;2.0;8.0;0.0;0.0;2/20/16 8:00 AM
0.0;4.22;517.7916666666667;1.96;19.14;2.0;9.0;0.0;0.0;2/20/16 9:00 AM
0.0;8.4;505.54166666666663;2.45;19.473333500000003;2.0;10.0;0.0;0.0;2/20/16 10:00 AM
0.0;11.6;498.04166666666663;2.84;19.806667;2.0;11.0;0.0;0.0;2/20/16 11:00 AM
0.0;13.86;491.125;2.55;19.806667;2.0;12.0;0.0;0.0;2/20/16 12:00 PM
0.0;16.5;480.95833333333337;3.04;19.806667;2.0;13.0;0.0;0.0;2/20/16 1:00 PM
0.0;18.45;464.2083333333333;4.31;20.19416725;2.0;14.0;0.0;0.0;2/20/16 2:00 PM
0.0;18.62;436.4166666666667;2.55;20.6066675;2.0;15.0;0.0;0.0;2/20/16 3:00 PM
0.0;18.37;435.375;0.98;21.1866665;2.0;16.0;0.0;0.0;2/20/16 4:00 PM
0.0;13.59;444.04166666666663;3.23;21.483332;2.0;17.0;0.0;0.0;2/20/16 5:00 PM
0.0;11.13;490.125;1.37;21.483332;2.0;18.0;0.0;0.0;2/20/16 6:00 PM
0.0;9.64;522.375;1.57;21.340832499999998;2.0;19.0;0.0;0.0;2/20/16 7:00 PM
0.0;8.53;527.8333333333334;0.0;20.913334;2.0;20.0;0.0;0.0;2/20/16 8:00 PM
0.0;7.62;529.375;0.88;20.7883335;2.0;21.0;0.0;0.0;2/20/16 9:00 PM
0.0;6.83;529.875;0.78;20.413332;2.0;22.0;0.0;0.0;2/20/16 10:00 PM
0.0;6.09;530.5416666666666;0.59;20.413332;2.0;23.0;0.0;0.0;2/20/16 11:00 PM
0.0;5.83;531.0833333333334;1.18;20.26083175;2.0;0.0;0.0;0.0;2/21/16 12:00 AM
0.0;5.26;531.125;1.96;19.803331;2.0;1.0;0.0;0.0;2/21/16 1:00 AM
0.0;4.64;531.6666666666666;0.78;19.803331;2.0;2.0;0.0;0.0;2/21/16 2:00 AM
0.0;4.26;531.5;2.45;19.803331;2.0;3.0;0.0;0.0;2/21/16 3:00 AM
0.0;3.72;531.2083333333333;3.63;19.370832999999998;2.0;4.0;0.0;0.0;2/21/16 4:00 AM
0.0;4.15;531.2083333333333;2.65;19.226667;2.0;5.0;0.0;0.0;2/21/16 5:00 AM
0.0;3.56;533.125;1.37;19.226667;2.0;6.0;0.0;0.0;2/21/16 6:00 AM
0.0;3.08;533.7916666666666;2.94;19.226667;2.0;7.0;0.0;0.0;2/21/16 7:00 AM
0.0;2.59;531.5;0.49;19.226667;2.0;8.0;0.0;0.0;2/21/16 8:00 AM
0.0;5.27;522.4166666666667;2.06;19.226667;2.0;9.0;0.0;0.0;2/21/16 9:00 AM
0.0;8.3;512.125;1.37;19.226667;2.0;10.0;0.0;0.0;2/21/16 10:00 AM
0.0;13.64;525.0673076923076;3.92;19.226667;2.0;11.0;0.0;0.0;2/21/16 11:00 AM
0.0;17.64;490.375;2.45;19.3683335;2.0;12.0;0.0;0.0;2/21/16 12:00 PM
0.0;19.93;476.7083333333333;2.35;19.793333;2.0;13.0;0.0;0.0;2/21/16 1:00 PM
0.0;21.65;460.95833333333337;6.17;19.793333;2.0;14.0;0.0;0.0;2/21/16 2:00 PM
0.0;21.46;432.625;3.43;20.463333;2.0;15.0;0.0;0.0;2/21/16 3:00 PM
0.0;20.39;431.58333333333337;3.53;20.87333325;2.0;16.0;0.0;0.0;2/21/16 4:00 PM
0.0;17.07;455.79166666666663;1.96;21.01;2.0;17.0;0.0;0.0;2/21/16 5:00 PM
0.0;13.37;497.9583333333333;0.98;21.01;2.0;18.0;0.0;0.0;2/21/16 6:00 PM
0.0;11.41;524.625;2.35;21.01;2.0;19.0;0.0;0.0;2/21/16 7:00 PM
0.0;9.92;529.7916666666666;0.98;20.632499499999998;2.0;20.0;0.0;0.0;2/21/16 8:00 PM
0.0;8.18;531.2083333333334;1.08;20.2250005;2.0;21.0;0.0;0.0;2/21/16 9:00 PM
0.0;7.32;529.5416666666667;2.06;19.943335;2.0;22.0;0.0;0.0;2/21/16 10:00 PM
0.0;8.26;531.2083333333334;0.98;19.943335;2.0;23.0;0.0;0.0;2/21/16 11:00 PM
0.0;7.85;532.2083333333334;3.23;20.6633325;2.0;0.0;0.0;1.0;2/22/16 12:00 AM
1.0;8.22;529.4166666666666;2.35;21.303333;2.0;1.0;0.0;1.0;2/22/16 1:00 AM
1.0;7.61;526.0833333333333;2.35;21.5649995;2.0;2.0;0.0;1.0;2/22/16 2:00 AM
1.0;8.91;524.9166666666666;3.63;21.826666;2.0;3.0;0.0;1.0;2/22/16 3:00 AM
1.0;8.47;525.1666666666666;1.37;21.826666;2.0;4.0;0.0;1.0;2/22/16 4:00 AM
1.0;7.94;527.5;1.86;21.826666;2.0;5.0;0.0;1.0;2/22/16 5:00 AM
1.0;7.55;529.8333333333334;2.25;22.356667;2.0;6.0;0.0;1.0;2/22/16 6:00 AM
1.0;7.49;530.5;1.47;22.356667;2.0;7.0;0.0;1.0;2/22/16 7:00 AM
1.0;7.36;528.375;0.98;22.356667;2.0;8.0;1.0;1.0;2/22/16 8:00 AM
1.0;7.72;517.2916666666666;1.18;22.695;2.0;9.0;1.0;1.0;2/22/16 9:00 AM
1.0;10.09;503.375;0.69;23.033333;2.0;10.0;1.0;1.0;2/22/16 10:00 AM
1.0;13.73;491.54166666666663;1.76;23.033333;2.0;11.0;1.0;1.0;2/22/16 11:00 AM
1.0;13.77;482.75;0.98;23.033333;2.0;12.0;1.0;1.0;2/22/16 12:00 PM
1.0;17.4;475.375;2.94;23.033333;2.0;13.0;1.0;1.0;2/22/16 1:00 PM
1.0;16.88;467.0;5.19;23.033333;2.0;14.0;1.0;1.0;2/22/16 2:00 PM
0.0;16.4;464.5833333333333;6.66;23.033333;2.0;15.0;1.0;1.0;2/22/16 3:00 PM
0.0;14.47;473.3636363636364;3.23;23.033333;2.0;16.0;1.0;1.0;2/22/16 4:00 PM
0.0;13.01;489.54166666666663;3.04;23.033333;2.0;17.0;1.0;1.0;2/22/16 5:00 PM
0.0;11.81;507.16666666666663;3.53;22.610833999999997;2.0;18.0;0.0;1.0;2/22/16 6:00 PM
0.0;11.62;514.25;3.72;22.470001;2.0;19.0;0.0;1.0;2/22/16 7:00 PM
0.0;11.4;515.0416666666666;3.82;21.64;2.0;20.0;0.0;1.0;2/22/16 8:00 PM
0.0;11.36;515.8333333333334;4.7;21.64;2.0;21.0;0.0;1.0;2/22/16 9:00 PM
0.0;10.87;516.3333333333334;1.96;21.085;2.0;22.0;0.0;1.0;2/22/16 10:00 PM
0.0;10.37;517.0;1.67;21.1766665;2.0;23.0;0.0;1.0;2/22/16 11:00 PM
0.0;10.03;517.5416666666667;4.51;21.453333;2.0;0.0;0.0;1.0;2/23/16 12:00 AM
1.0;9.78;519.0;7.06;22.046667;2.0;1.0;0.0;1.0;2/23/16 1:00 AM
1.0;9.9;519.375;2.94;22.046667;2.0;2.0;0.0;1.0;2/23/16 2:00 AM
1.0;9.1;520.125;3.04;22.046667;2.0;3.0;0.0;1.0;2/23/16 3:00 AM
1.0;8.39;521.0416666666666;2.16;22.61;2.0;4.0;0.0;1.0;2/23/16 4:00 AM
1.0;7.95;523.7916666666667;1.37;22.61;2.0;5.0;0.0;1.0;2/23/16 5:00 AM
1.0;8.06;523.5833333333334;1.47;22.61;2.0;6.0;0.0;1.0;2/23/16 6:00 AM
1.0;8.23;522.7916666666667;1.37;23.163332;2.0;7.0;0.0;1.0;2/23/16 7:00 AM
1.0;8.81;519.1666666666666;1.37;23.163332;2.0;8.0;1.0;1.0;2/23/16 8:00 AM
0.0;10.38;508.5;3.33;23.163332;2.0;9.0;1.0;1.0;2/23/16 9:00 AM
0.0;13.03;500.6666666666667;6.27;23.163332;2.0;10.0;1.0;1.0;2/23/16 10:00 AM
0.0;15.0;491.91666666666663;6.96;23.163332;2.0;11.0;1.0;1.0;2/23/16 11:00 AM
0.0;15.52;483.54166666666663;8.72;23.163332;2.0;12.0;1.0;1.0;2/23/16 12:00 PM
0.0;14.59;486.04166666666663;6.57;23.163332;2.0;13.0;1.0;1.0;2/23/16 1:00 PM
0.0;14.51;487.45833333333337;5.98;23.163332;2.0;14.0;1.0;1.0;2/23/16 2:00 PM
0.0;13.32;498.5;5.68;23.163332;2.0;15.0;1.0;1.0;2/23/16 3:00 PM
0.0;12.1;493.08333333333337;1.27;22.793333;2.0;10.0;1.0;1.0;2/24/16 10:00 AM
0.0;15.86;485.5;7.45;22.793333;2.0;11.0;1.0;1.0;2/24/16 11:00 AM
0.0;15.14;476.04166666666663;4.21;23.0816665;2.0;12.0;1.0;1.0;2/24/16 12:00 PM
0.0;15.2;473.58333333333337;5.39;23.37;2.0;13.0;1.0;1.0;2/24/16 1:00 PM
0.0;16.31;475.20833333333337;5.49;23.37;2.0;14.0;1.0;1.0;2/24/16 2:00 PM
0.0;16.52;448.70833333333337;5.39;23.37;2.0;15.0;1.0;1.0;2/24/16 3:00 PM
0.0;14.89;443.7916666666667;4.02;23.37;2.0;16.0;1.0;1.0;2/24/16 4:00 PM
0.0;13.82;478.875;4.51;23.37;2.0;17.0;1.0;1.0;2/24/16 5:00 PM
0.0;13.06;506.125;3.53;23.37;2.0;18.0;0.0;1.0;2/24/16 6:00 PM
0.0;12.39;515.2916666666666;3.43;22.92249975;2.0;19.0;0.0;1.0;2/24/16 7:00 PM
0.0;11.44;517.7083333333334;5.88;22.773333;2.0;20.0;0.0;1.0;2/24/16 8:00 PM
0.0;9.57;518.25;1.18;21.919998;2.0;21.0;0.0;1.0;2/24/16 9:00 PM
0.0;9.67;520.7083333333334;2.25;21.919998;2.0;22.0;0.0;1.0;2/24/16 10:00 PM
0.0;9.3;522.3333333333334;1.67;21.919998;2.0;23.0;0.0;1.0;2/24/16 11:00 PM
1.0;9.68;522.4583333333333;3.23;21.919998;2.0;0.0;0.0;1.0;2/25/16 12:00 AM
1.0;9.04;522.7083333333334;5.0;22.613333;2.0;1.0;0.0;1.0;2/25/16 1:00 AM
1.0;8.95;524.9583333333333;4.61;22.613333;2.0;2.0;0.0;1.0;2/25/16 2:00 AM
1.0;8.77;525.3333333333333;3.82;22.613333;2.0;3.0;0.0;1.0;2/25/16 3:00 AM
1.0;8.53;524.875;2.16;22.7599995;2.0;4.0;0.0;1.0;2/25/16 4:00 AM
1.0;8.67;524.9166666666666;1.86;23.153336;2.0;5.0;0.0;1.0;2/25/16 5:00 AM
1.0;8.6;524.75;3.33;23.153336;2.0;6.0;0.0;1.0;2/25/16 6:00 AM
1.0;8.6;525.0;4.61;23.153336;2.0;7.0;0.0;1.0;2/25/16 7:00 AM
1.0;8.75;522.9166666666667;3.53;23.153336;2.0;8.0;1.0;1.0;2/25/16 8:00 AM
0.0;10.02;516.25;2.45;23.153336;2.0;9.0;1.0;1.0;2/25/16 9:00 AM
0.0;10.58;503.00757575757575;4.31;23.153336;2.0;10.0;1.0;1.0;2/25/16 10:00 AM
0.0;10.32;520.5384615384615;3.33;23.153336;2.0;11.0;1.0;1.0;2/25/16 11:00 AM
0.0;10.11;522.3988095238095;3.33;23.153336;2.0;12.0;1.0;1.0;2/25/16 12:00 PM
0.0;10.4;503.33333333333337;9.7;23.153336;2.0;13.0;1.0;1.0;2/25/16 1:00 PM
0.0;10.02;503.70833333333337;7.74;23.153336;2.0;14.0;1.0;1.0;2/25/16 2:00 PM
0.0;9.52;506.6439393939394;6.66;23.153336;2.0;15.0;1.0;1.0;2/25/16 3:00 PM
0.0;9.28;513.25;10.19;23.153336;2.0;16.0;1.0;1.0;2/25/16 4:00 PM
0.0;9.15;513.9583333333333;3.63;23.153336;2.0;17.0;1.0;1.0;2/25/16 5:00 PM
0.0;8.84;520.2083333333333;2.25;22.70333225;2.0;18.0;0.0;1.0;2/25/16 6:00 PM
0.0;8.44;522.9166666666666;1.96;22.553331;2.0;19.0;0.0;1.0;2/25/16 7:00 PM
0.0;8.03;524.5416666666666;3.43;22.424165000000002;2.0;20.0;0.0;1.0;2/25/16 8:00 PM
0.0;7.89;525.875;1.08;22.036667;2.0;21.0;0.0;1.0;2/25/16 9:00 PM
0.0;7.77;527.2083333333334;0.98;21.57166625;2.0;22.0;0.0;1.0;2/25/16 10:00 PM
0.0;7.72;527.5;1.27;21.416666;2.0;23.0;0.0;1.0;2/25/16 11:00 PM
1.0;7.57;527.75;1.27;21.565833;2.0;0.0;0.0;2.0;2/26/16 12:00 AM
1.0;7.52;528.0833333333333;1.18;22.013334;2.0;1.0;0.0;2.0;2/26/16 1:00 AM
1.0;7.12;529.5;1.37;22.013334;2.0;2.0;0.0;2.0;2/26/16 2:00 AM
1.0;6.65;530.0833333333334;0.39;22.013334;2.0;3.0;0.0;2.0;2/26/16 3:00 AM
1.0;6.6;530.6666666666667;0.69;22.268333500000004;2.0;4.0;0.0;2.0;2/26/16 4:00 AM
1.0;6.76;531.0;0.98;22.523333;2.0;5.0;0.0;2.0;2/26/16 5:00 AM
1.0;6.89;531.0416666666667;3.43;22.523333000000004;2.0;6.0;0.0;2.0;2/26/16 6:00 AM
1.0;6.8;530.9166666666667;1.37;22.523333;2.0;7.0;0.0;2.0;2/26/16 7:00 AM
1.0;7.6;526.5416666666666;4.61;22.523333;2.0;8.0;1.0;2.0;2/26/16 8:00 AM
0.0;10.8;512.5833333333333;7.74;23.050001;2.0;9.0;1.0;2.0;2/26/16 9:00 AM
0.0;11.66;496.125;8.23;23.050001;2.0;10.0;1.0;2.0;2/26/16 10:00 AM
0.0;12.07;489.25;9.9;23.050001;2.0;11.0;1.0;2.0;2/26/16 11:00 AM
0.0;14.16;492.5;7.55;23.050001;2.0;12.0;1.0;2.0;2/26/16 12:00 PM
0.0;13.35;476.33333333333337;4.61;23.050001;2.0;13.0;1.0;2.0;2/26/16 1:00 PM
0.0;13.33;475.45833333333337;2.16;23.050001;2.0;14.0;1.0;2.0;2/26/16 2:00 PM
0.0;13.85;489.41666666666663;2.84;22.9191675;2.0;15.0;0.0;2.0;2/26/16 3:00 PM
0.0;13.67;497.625;2.65;22.526667;2.0;16.0;0.0;2.0;2/26/16 4:00 PM
0.0;13.63;508.2083333333333;3.82;22.526667;2.0;17.0;0.0;2.0;2/26/16 5:00 PM
0.0;12.99;513.0833333333333;3.14;22.2549995;2.0;18.0;0.0;2.0;2/26/16 6:00 PM
0.0;10.09;517.4583333333334;7.06;21.983332;2.0;19.0;0.0;2.0;2/26/16 7:00 PM
0.0;7.07;522.5416666666667;8.82;21.983332;2.0;20.0;0.0;2.0;2/26/16 8:00 PM
0.0;4.86;529.25;9.8;21.330834250000002;2.0;21.0;0.0;2.0;2/26/16 9:00 PM
0.0;3.28;534.875;5.39;21.113335;2.0;22.0;0.0;2.0;2/26/16 10:00 PM
0.0;2.92;538.0833333333334;1.86;21.113335;2.0;23.0;0.0;2.0;2/26/16 11:00 PM
0.0;2.91;540.0416666666666;0.2;20.628334000000002;2.0;0.0;0.0;0.0;2/27/16 12:00 AM
0.0;3.28;539.625;1.08;20.466667;2.0;1.0;0.0;0.0;2/27/16 1:00 AM
0.0;3.36;538.875;1.08;20.466667;2.0;2.0;0.0;0.0;2/27/16 2:00 AM
0.0;5.28;539.0833333333333;5.88;20.466667;2.0;3.0;0.0;0.0;2/27/16 3:00 AM
0.0;5.3;537.2916666666666;11.96;20.466667;2.0;4.0;0.0;0.0;2/27/16 4:00 AM
0.0;4.6;535.5;15.48;20.341667;2.0;5.0;0.0;0.0;2/27/16 5:00 AM
0.0;5.92;536.125;8.33;19.966667;2.0;6.0;0.0;0.0;2/27/16 6:00 AM
0.0;5.93;534.5833333333334;16.27;19.966667;2.0;7.0;0.0;0.0;2/27/16 7:00 AM
0.0;5.82;533.9583333333333;13.62;19.966667;2.0;8.0;0.0;0.0;2/27/16 8:00 AM
0.0;5.77;532.875;13.33;19.966667;2.0;9.0;0.0;0.0;2/27/16 9:00 AM
0.0;5.75;532.125;14.01;19.966667;2.0;10.0;0.0;0.0;2/27/16 10:00 AM
0.0;6.01;530.1666666666666;15.58;19.966667;2.0;11.0;0.0;0.0;2/27/16 11:00 AM
0.0;5.85;529.75;14.6;19.966667;2.0;12.0;0.0;0.0;2/27/16 12:00 PM
0.0;5.36;529.4583333333334;17.54;19.966667;2.0;13.0;0.0;0.0;2/27/16 1:00 PM
0.0;4.85;532.125;12.15;19.966667;2.0;14.0;0.0;0.0;2/27/16 2:00 PM
0.0;5.57;533.25;17.54;19.966667;2.0;15.0;0.0;0.0;2/27/16 3:00 PM
0.0;5.33;534.5833333333334;12.45;19.966667;2.0;16.0;0.0;0.0;2/27/16 4:00 PM
0.0;5.48;535.1666666666666;13.92;19.966667;2.0;17.0;0.0;0.0;2/27/16 5:00 PM
0.0;6.03;535.5833333333333;5.29;19.519166750000004;2.0;18.0;0.0;0.0;2/27/16 6:00 PM
0.0;7.82;534.1666666666666;9.6;19.37;2.0;19.0;0.0;0.0;2/27/16 7:00 PM
0.0;9.11;531.1666666666667;8.33;19.37;2.0;20.0;0.0;0.0;2/27/16 8:00 PM
0.0;8.84;530.6666666666666;6.27;19.37;2.0;21.0;0.0;0.0;2/27/16 9:00 PM
0.0;8.15;531.7916666666666;2.16;19.37;2.0;22.0;0.0;0.0;2/27/16 10:00 PM
0.0;8.3;532.625;2.74;19.37;2.0;23.0;0.0;0.0;2/27/16 11:00 PM
0.0;8.32;533.5833333333334;4.8;19.37;2.0;0.0;0.0;0.0;2/28/16 12:00 AM
0.0;8.06;533.9166666666667;5.68;19.37;2.0;1.0;0.0;0.0;2/28/16 1:00 AM
0.0;9.41;533.75;6.47;19.37;2.0;2.0;0.0;0.0;2/28/16 2:00 AM
0.0;8.3;532.375;14.31;19.37;2.0;3.0;0.0;0.0;2/28/16 3:00 AM
0.0;9.01;533.75;11.17;19.37;2.0;4.0;0.0;0.0;2/28/16 4:00 AM
0.0;9.0;533.0833333333334;6.47;19.37;2.0;5.0;0.0;0.0;2/28/16 5:00 AM
0.0;8.94;532.9583333333334;8.04;19.37;2.0;6.0;0.0;0.0;2/28/16 6:00 AM
0.0;8.7;532.625;3.23;19.37;2.0;7.0;0.0;0.0;2/28/16 7:00 AM
0.0;8.75;532.4166666666666;6.08;19.37;2.0;8.0;0.0;0.0;2/28/16 8:00 AM
0.0;8.7;531.75;6.47;19.37;2.0;9.0;0.0;0.0;2/28/16 9:00 AM
0.0;8.77;530.0416666666667;5.49;19.37;2.0;10.0;0.0;0.0;2/28/16 10:00 AM
0.0;8.8;526.0;2.94;19.37;2.0;11.0;0.0;0.0;2/28/16 11:00 AM
0.0;8.56;529.0833333333334;6.37;19.37;2.0;12.0;0.0;0.0;2/28/16 12:00 PM
0.0;9.36;506.2083333333333;5.19;19.37;2.0;13.0;0.0;0.0;2/28/16 1:00 PM
0.0;8.84;514.7083333333334;2.25;19.37;2.0;14.0;0.0;0.0;2/28/16 2:00 PM
0.0;8.76;519.0833333333334;5.19;19.37;2.0;15.0;0.0;0.0;2/28/16 3:00 PM
0.0;7.6;530.0833333333334;4.7;19.235;2.0;16.0;0.0;0.0;2/28/16 4:00 PM
0.0;6.95;534.7916666666667;3.23;18.83;2.0;17.0;0.0;0.0;2/28/16 5:00 PM
0.0;7.12;537.125;5.88;18.83;2.0;18.0;0.0;0.0;2/28/16 6:00 PM
0.0;7.59;537.2083333333334;3.43;18.83;2.0;19.0;0.0;0.0;2/28/16 7:00 PM
0.0;7.26;536.75;3.63;18.83;2.0;20.0;0.0;0.0;2/28/16 8:00 PM
0.0;7.47;537.1666666666666;5.39;18.83;2.0;21.0;0.0;0.0;2/28/16 9:00 PM
0.0;7.34;537.0;7.06;18.83;2.0;22.0;0.0;0.0;2/28/16 10:00 PM
0.0;7.49;536.7916666666666;6.66;18.83;2.0;23.0;0.0;0.0;2/28/16 11:00 PM
0.0;8.03;536.7916666666666;4.9;19.1366675;2.0;0.0;0.0;1.0;2/29/16 12:00 AM
1.0;8.17;536.4166666666666;8.43;19.443335;2.0;1.0;0.0;1.0;2/29/16 1:00 AM
1.0;8.25;536.7916666666666;5.39;19.443335;2.0;2.0;0.0;1.0;2/29/16 2:00 AM
1.0;8.06;537.625;4.21;19.943335;2.0;3.0;0.0;1.0;2/29/16 3:00 AM
1.0;8.01;537.6666666666666;7.06;19.943335;2.0;4.0;0.0;1.0;2/29/16 4:00 AM
1.0;7.7;538.25;5.59;20.105000750000002;2.0;5.0;0.0;1.0;2/29/16 5:00 AM
1.0;7.02;539.7083333333333;3.23;20.589998000000005;2.0;6.0;0.0;1.0;2/29/16 6:00 AM
1.0;6.11;541.5;4.61;20.589998;2.0;7.0;0.0;1.0;2/29/16 7:00 AM
1.0;6.55;541.4583333333334;9.02;21.366667;2.0;8.0;1.0;1.0;2/29/16 8:00 AM
1.0;7.36;537.125;4.41;21.866667;2.0;9.0;1.0;1.0;2/29/16 9:00 AM
1.0;7.83;528.8333333333334;8.33;22.39;2.0;10.0;1.0;1.0;2/29/16 10:00 AM
1.0;8.77;520.125;3.82;22.39;2.0;11.0;1.0;1.0;2/29/16 11:00 AM
0.0;9.4;512.2916666666666;9.8;22.251667;2.0;12.0;1.0;1.0;2/29/16 12:00 PM
0.0;9.56;506.45833333333337;8.04;21.836668;2.0;13.0;1.0;1.0;2/29/16 1:00 PM
0.0;9.37;500.25;6.37;21.836668;2.0;14.0;1.0;1.0;2/29/16 2:00 PM
0.0;9.12;500.4166666666667;8.23;21.836668;2.0;15.0;1.0;1.0;2/29/16 3:00 PM
0.0;8.66;497.5;6.27;21.836668;2.0;16.0;1.0;1.0;2/29/16 4:00 PM
0.0;8.42;507.66666666666663;4.12;21.836668;2.0;17.0;1.0;1.0;2/29/16 5:00 PM
0.0;6.53;543.875;1.27;20.13166625;2.0;23.0;0.0;1.0;2/29/16 11:00 PM
1.0;6.37;544.1666666666667;1.47;20.556665;3.0;0.0;0.0;1.0;3/1/16 12:00 AM
1.0;6.38;543.4583333333334;0.0;22.44;3.0;8.0;1.0;1.0;3/1/16 8:00 AM
1.0;8.55;532.375;0.59;22.44;3.0;9.0;1.0;1.0;3/1/16 9:00 AM
1.0;12.6;517.0;4.61;23.14;3.0;10.0;1.0;1.0;3/1/16 10:00 AM
1.0;12.26;502.58333333333337;4.31;23.14;3.0;11.0;1.0;1.0;3/1/16 11:00 AM
1.0;13.33;493.79166666666663;3.63;23.14;3.0;12.0;1.0;1.0;3/1/16 12:00 PM
0.0;14.5;491.7083333333333;3.82;23.14;3.0;13.0;1.0;1.0;3/1/16 1:00 PM
0.0;15.02;488.3901515151515;3.82;22.61;3.0;14.0;1.0;1.0;3/1/16 2:00 PM
0.0;15.18;478.29166666666663;5.88;22.73916625;3.0;15.0;1.0;1.0;3/1/16 3:00 PM
0.0;14.77;470.70833333333337;4.9;23.126665;3.0;16.0;1.0;1.0;3/1/16 4:00 PM
1.0;12.38;502.9404761904762;2.35;23.126665;3.0;17.0;1.0;1.0;3/1/16 5:00 PM
0.0;10.23;509.125;1.86;22.526667;3.0;18.0;0.0;1.0;3/1/16 6:00 PM
0.0;8.37;542.0833333333334;1.76;22.39500025;3.0;19.0;0.0;1.0;3/1/16 7:00 PM
0.0;7.39;550.375;1.08;21.8475;3.0;20.0;0.0;1.0;3/1/16 8:00 PM
0.0;6.8;552.1666666666666;2.35;21.39;3.0;21.0;0.0;1.0;3/1/16 9:00 PM
0.0;6.1;553.4166666666666;0.78;21.39;3.0;22.0;0.0;1.0;3/1/16 10:00 PM
0.0;6.24;553.1666666666667;0.78;21.39;3.0;23.0;0.0;1.0;3/1/16 11:00 PM
1.0;6.19;552.5833333333334;1.76;21.39;3.0;0.0;0.0;1.0;3/2/16 12:00 AM
1.0;6.07;553.2083333333334;1.86;21.39;3.0;1.0;0.0;1.0;3/2/16 1:00 AM
1.0;7.01;552.875;1.18;21.39;3.0;2.0;0.0;1.0;3/2/16 2:00 AM
1.0;8.31;551.4583333333333;2.06;21.785000000000004;3.0;3.0;0.0;1.0;3/2/16 3:00 AM
1.0;9.86;548.625;3.63;22.18;3.0;4.0;0.0;1.0;3/2/16 4:00 AM
1.0;11.02;546.5833333333334;4.61;22.18;3.0;5.0;0.0;1.0;3/2/16 5:00 AM
1.0;9.83;546.25;2.84;22.617500500000002;3.0;6.0;0.0;1.0;3/2/16 6:00 AM
1.0;9.52;546.8333333333333;1.47;22.763334;3.0;7.0;0.0;1.0;3/2/16 7:00 AM
1.0;9.77;546.0;3.63;22.763334;3.0;8.0;1.0;1.0;3/2/16 8:00 AM
1.0;10.36;542.625;4.51;23.021666500000002;3.0;9.0;1.0;1.0;3/2/16 9:00 AM
1.0;10.67;540.1666666666666;6.76;23.279999;3.0;10.0;1.0;1.0;3/2/16 10:00 AM
1.0;11.46;535.3333333333333;8.43;23.279999;3.0;11.0;1.0;1.0;3/2/16 11:00 AM
1.0;10.76;527.2083333333334;10.68;23.279999;3.0;12.0;1.0;1.0;3/2/16 12:00 PM
0.0;10.68;529.0833333333333;12.05;23.279999;3.0;13.0;1.0;1.0;3/2/16 1:00 PM
0.0;10.92;522.1666666666666;11.66;23.279999;3.0;14.0;1.0;1.0;3/2/16 2:00 PM
0.0;9.8;532.25;13.43;23.14916625;3.0;15.0;1.0;1.0;3/2/16 3:00 PM
0.0;9.45;533.3333333333334;7.74;22.756668;3.0;16.0;1.0;1.0;3/2/16 4:00 PM
0.0;9.07;538.9166666666667;13.82;22.351665750000002;3.0;17.0;1.0;1.0;3/2/16 5:00 PM
0.0;8.53;543.875;6.96;22.028332;3.0;18.0;0.0;1.0;3/2/16 6:00 PM
0.0;8.04;546.6666666666667;5.88;21.463333;3.0;19.0;0.0;1.0;3/2/16 7:00 PM
0.0;8.06;548.625;7.35;21.463333;3.0;20.0;0.0;1.0;3/2/16 8:00 PM
0.0;8.25;548.9583333333333;10.29;21.463333;3.0;21.0;0.0;1.0;3/2/16 9:00 PM
0.0;8.41;549.375;2.55;20.936666;3.0;22.0;0.0;1.0;3/2/16 10:00 PM
0.0;7.87;550.375;4.9;20.936666;3.0;23.0;0.0;1.0;3/2/16 11:00 PM
1.0;7.47;550.8333333333334;3.23;21.54;3.0;0.0;0.0;1.0;3/3/16 12:00 AM
1.0;7.39;552.375;6.76;21.54;3.0;1.0;0.0;1.0;3/3/16 1:00 AM
1.0;7.29;554.3333333333334;3.33;21.9424995;3.0;2.0;0.0;1.0;3/3/16 2:00 AM
1.0;7.39;554.0416666666667;5.78;22.076666;3.0;3.0;0.0;1.0;3/3/16 3:00 AM
1.0;7.25;554.0;7.94;22.076666;3.0;4.0;0.0;1.0;3/3/16 4:00 AM
1.0;7.1;554.0;7.64;22.076666;3.0;5.0;0.0;1.0;3/3/16 5:00 AM
1.0;6.98;554.5416666666667;7.64;22.669166750000002;3.0;6.0;0.0;1.0;3/3/16 6:00 AM
1.0;6.91;555.2916666666666;10.78;22.866667;3.0;7.0;0.0;1.0;3/3/16 7:00 AM
1.0;7.11;551.5;6.66;22.866667;3.0;8.0;1.0;1.0;3/3/16 8:00 AM
1.0;7.15;545.8333333333333;5.88;23.029999999999998;3.0;9.0;1.0;1.0;3/3/16 9:00 AM
1.0;7.61;537.3333333333334;8.43;23.519999;3.0;10.0;1.0;1.0;3/3/16 10:00 AM
1.0;8.23;534.125;7.84;23.519999;3.0;11.0;1.0;1.0;3/3/16 11:00 AM
1.0;8.26;525.625;9.31;23.38916625;3.0;12.0;1.0;1.0;3/3/16 12:00 PM
0.0;8.0;536.5416666666666;7.94;22.996668;3.0;13.0;1.0;1.0;3/3/16 1:00 PM
0.0;8.03;542.5;8.92;22.996668;3.0;14.0;1.0;1.0;3/3/16 2:00 PM
0.0;7.91;545.1666666666666;9.21;22.996668;3.0;15.0;1.0;1.0;3/3/16 3:00 PM
0.0;8.22;546.7083333333334;7.94;22.6066675;3.0;16.0;1.0;1.0;3/3/16 4:00 PM
0.0;8.2;546.5416666666667;7.64;22.162501;3.0;17.0;1.0;1.0;3/3/16 5:00 PM
0.0;8.15;548.5833333333333;7.74;21.769999;3.0;18.0;0.0;1.0;3/3/16 6:00 PM
0.0;8.2;551.8333333333333;0.39;21.769999;3.0;19.0;0.0;1.0;3/3/16 7:00 PM
0.0;7.95;552.625;1.18;21.17;3.0;20.0;0.0;1.0;3/3/16 8:00 PM
0.0;7.92;553.4166666666667;0.0;21.17;3.0;21.0;0.0;1.0;3/3/16 9:00 PM
0.0;7.68;554.5416666666667;0.0;21.17;3.0;22.0;0.0;1.0;3/3/16 10:00 PM
0.0;7.18;557.0;0.0;20.838333499999997;3.0;23.0;0.0;1.0;3/3/16 11:00 PM
1.0;6.92;557.125;0.0;21.116667;3.0;0.0;0.0;2.0;3/4/16 12:00 AM
1.0;6.86;557.4166666666667;1.37;21.51666675;3.0;1.0;0.0;2.0;3/4/16 1:00 AM
1.0;6.28;558.4166666666667;0.88;21.65;3.0;2.0;0.0;2.0;3/4/16 2:00 AM
1.0;6.17;560.4166666666667;1.37;21.65;3.0;3.0;0.0;2.0;3/4/16 3:00 AM
1.0;5.97;560.75;1.57;22.406668;3.0;4.0;0.0;2.0;3/4/16 4:00 AM
1.0;6.37;560.0833333333333;1.37;22.406668;3.0;5.0;0.0;2.0;3/4/16 5:00 AM
1.0;6.3;557.5833333333334;0.29;22.406668;3.0;6.0;0.0;2.0;3/4/16 6:00 AM
1.0;6.42;558.3333333333333;2.94;22.406668;3.0;7.0;0.0;2.0;3/4/16 7:00 AM
1.0;7.66;567.7467948717949;5.78;22.970001;3.0;8.0;1.0;2.0;3/4/16 8:00 AM
1.0;11.35;539.625;6.66;23.3566665;3.0;9.0;1.0;2.0;3/4/16 9:00 AM
1.0;13.62;528.0833333333334;10.09;23.743332;3.0;10.0;1.0;2.0;3/4/16 10:00 AM
1.0;14.3;510.375;8.62;23.743332;3.0;11.0;1.0;2.0;3/4/16 11:00 AM
1.0;13.96;504.5;6.57;23.489999;3.0;12.0;1.0;2.0;3/4/16 12:00 PM
0.0;17.3;501.2083333333333;7.64;23.236666;3.0;13.0;1.0;2.0;3/4/16 1:00 PM
0.0;13.13;512.0;11.17;23.10749975;3.0;14.0;1.0;2.0;3/4/16 2:00 PM
0.0;10.14;537.375;3.63;22.720001;3.0;15.0;0.0;2.0;3/4/16 3:00 PM
0.0;8.49;549.1666666666667;9.21;22.720001;3.0;16.0;0.0;2.0;3/4/16 4:00 PM
0.0;7.5;554.5416666666666;10.58;22.123335;3.0;17.0;0.0;2.0;3/4/16 5:00 PM
0.0;6.46;557.0;11.56;21.95166825;3.0;18.0;0.0;2.0;3/4/16 6:00 PM
0.0;6.09;560.6666666666667;7.55;21.436668;3.0;19.0;0.0;2.0;3/4/16 7:00 PM
0.0;5.81;561.9583333333333;6.47;21.300001;3.0;20.0;0.0;2.0;3/4/16 8:00 PM
0.0;5.46;563.2916666666667;1.47;20.89;3.0;21.0;0.0;2.0;3/4/16 9:00 PM
0.0;5.54;564.875;9.02;20.89;3.0;22.0;0.0;2.0;3/4/16 10:00 PM
0.0;5.73;563.6666666666667;9.6;20.502501249999998;3.0;23.0;0.0;2.0;3/4/16 11:00 PM
0.0;4.27;564.3333333333334;8.04;20.373335;3.0;0.0;0.0;0.0;3/5/16 12:00 AM
0.0;4.57;567.75;2.84;19.940834;3.0;1.0;0.0;0.0;3/5/16 1:00 AM
0.0;5.05;567.6666666666667;6.37;19.796667;3.0;2.0;0.0;0.0;3/5/16 2:00 AM
0.0;4.62;566.7916666666667;5.88;19.796667;3.0;3.0;0.0;0.0;3/5/16 3:00 AM
0.0;4.27;568.375;1.37;19.796667;3.0;4.0;0.0;0.0;3/5/16 4:00 AM
0.0;4.68;568.2083333333333;3.23;19.66000025;3.0;5.0;0.0;0.0;3/5/16 5:00 AM
0.0;5.12;567.875;8.04;19.25;3.0;6.0;0.0;0.0;3/5/16 6:00 AM
0.0;4.79;567.0833333333333;6.47;19.25;3.0;7.0;0.0;0.0;3/5/16 7:00 AM
0.0;4.82;567.125;6.27;19.25;3.0;8.0;0.0;0.0;3/5/16 8:00 AM
0.0;4.57;565.2083333333333;7.94;19.25;3.0;9.0;0.0;0.0;3/5/16 9:00 AM
0.0;4.95;563.7083333333334;8.43;19.25;3.0;10.0;0.0;0.0;3/5/16 10:00 AM
0.0;4.39;553.625;7.74;19.25;3.0;11.0;0.0;0.0;3/5/16 11:00 AM
0.0;5.48;549.8333333333333;6.27;19.25;3.0;12.0;0.0;0.0;3/5/16 12:00 PM
0.0;5.95;553.3333333333333;1.57;19.25;3.0;13.0;0.0;0.0;3/5/16 1:00 PM
0.0;5.46;554.4166666666667;11.17;19.25;3.0;14.0;0.0;0.0;3/5/16 2:00 PM
0.0;6.23;551.0;8.04;19.25;3.0;15.0;0.0;0.0;3/5/16 3:00 PM
0.0;5.97;557.2083333333333;2.65;19.25;3.0;16.0;0.0;0.0;3/5/16 4:00 PM
0.0;5.59;561.375;7.06;18.815;3.0;17.0;0.0;0.0;3/5/16 5:00 PM
0.0;4.38;566.3333333333334;6.76;18.67;3.0;18.0;0.0;0.0;3/5/16 6:00 PM
0.0;4.67;569.4469696969697;8.13;18.67;3.0;19.0;0.0;0.0;3/5/16 7:00 PM
0.0;4.78;570.3333333333333;7.06;18.67;3.0;20.0;0.0;0.0;3/5/16 8:00 PM
0.0;4.41;571.0;4.21;18.67;3.0;21.0;0.0;0.0;3/5/16 9:00 PM
0.0;4.83;571.25;4.12;18.67;3.0;22.0;0.0;0.0;3/5/16 10:00 PM
0.0;4.68;571.4166666666667;7.64;18.67;3.0;23.0;0.0;0.0;3/5/16 11:00 PM
0.0;4.15;570.875;6.27;18.67;3.0;0.0;0.0;0.0;3/6/16 12:00 AM
0.0;3.95;572.3333333333334;7.55;18.67;3.0;1.0;0.0;0.0;3/6/16 1:00 AM
0.0;4.05;573.4166666666666;7.06;18.67;3.0;2.0;0.0;0.0;3/6/16 2:00 AM
0.0;4.12;573.5833333333333;5.98;18.67;3.0;3.0;0.0;0.0;3/6/16 3:00 AM
0.0;3.47;574.3295454545455;7.25;18.67;3.0;4.0;0.0;0.0;3/6/16 4:00 AM
0.0;3.39;574.5;4.02;18.53916675;3.0;5.0;0.0;0.0;3/6/16 5:00 AM
0.0;3.08;576.5;6.27;18.146667;3.0;6.0;0.0;0.0;3/6/16 6:00 AM
0.0;1.74;575.7916666666667;2.25;18.146667;3.0;7.0;0.0;0.0;3/6/16 7:00 AM
0.0;1.79;574.9166666666667;2.25;18.146667;3.0;8.0;0.0;0.0;3/6/16 8:00 AM
0.0;3.94;562.625;1.76;18.146667;3.0;9.0;0.0;0.0;3/6/16 9:00 AM
0.0;5.62;556.375;1.67;18.146667;3.0;10.0;0.0;0.0;3/6/16 10:00 AM
0.0;5.23;547.5;6.08;18.146667;3.0;11.0;0.0;0.0;3/6/16 11:00 AM
0.0;5.73;549.2660256410256;2.84;18.146667;3.0;12.0;0.0;0.0;3/6/16 12:00 PM
0.0;6.18;533.6666666666667;7.84;18.146667;3.0;13.0;0.0;0.0;3/6/16 1:00 PM
0.0;5.76;537.7083333333334;2.25;18.526667250000003;3.0;14.0;0.0;0.0;3/6/16 2:00 PM
0.0;6.4;533.4166666666666;9.7;18.653334;3.0;15.0;0.0;0.0;3/6/16 3:00 PM
0.0;8.47;541.2916666666667;5.78;18.653334;3.0;16.0;0.0;0.0;3/6/16 4:00 PM
0.0;5.95;552.9166666666667;7.74;18.653334;3.0;17.0;0.0;0.0;3/6/16 5:00 PM
0.0;5.61;564.6666666666667;5.68;18.653334;3.0;18.0;0.0;0.0;3/6/16 6:00 PM
0.0;5.49;570.534090909091;2.16;18.653334;3.0;19.0;0.0;0.0;3/6/16 7:00 PM
0.0;5.46;571.6666666666666;1.57;18.653334;3.0;20.0;0.0;0.0;3/6/16 8:00 PM
0.0;5.52;572.5;5.0;18.195833250000003;3.0;21.0;0.0;0.0;3/6/16 9:00 PM
0.0;5.35;573.25;4.51;18.3016665;3.0;22.0;0.0;0.0;3/6/16 10:00 PM
0.0;5.64;573.5833333333333;2.35;18.1175;3.0;23.0;0.0;0.0;3/6/16 11:00 PM
0.0;5.42;574.1666666666667;0.69;17.97;3.0;0.0;0.0;1.0;3/7/16 12:00 AM
1.0;5.24;574.9166666666667;1.86;17.97;3.0;1.0;0.0;1.0;3/7/16 1:00 AM
1.0;5.28;575.0416666666667;1.47;17.97;3.0;2.0;0.0;1.0;3/7/16 2:00 AM
1.0;5.32;574.7916666666667;8.23;17.97;3.0;3.0;0.0;1.0;3/7/16 3:00 AM
1.0;4.62;575.6666666666666;5.68;17.97;3.0;4.0;0.0;1.0;3/7/16 4:00 AM
1.0;4.67;577.375;1.96;17.572499999999998;3.0;5.0;0.0;1.0;3/7/16 5:00 AM
1.0;4.59;577.625;0.98;17.44;3.0;6.0;0.0;1.0;3/7/16 6:00 AM
1.0;4.51;578.25;1.47;17.9774995;3.0;7.0;0.0;1.0;3/7/16 7:00 AM
1.0;4.99;573.0;1.37;19.286666500000003;3.0;8.0;1.0;1.0;3/7/16 8:00 AM
1.0;5.87;564.125;0.88;19.985832249999998;3.0;9.0;1.0;1.0;3/7/16 9:00 AM
1.0;7.86;549.375;6.08;20.74;3.0;10.0;1.0;1.0;3/7/16 10:00 AM
1.0;8.33;539.5416666666666;6.66;21.096666499999998;3.0;11.0;1.0;1.0;3/7/16 11:00 AM
1.0;7.2;546.2083333333334;5.78;21.453333;3.0;12.0;1.0;1.0;3/7/16 12:00 PM
1.0;7.47;546.4962121212121;3.72;21.453333;3.0;13.0;1.0;1.0;3/7/16 1:00 PM
1.0;8.31;547.4166666666666;8.04;21.453333;3.0;14.0;1.0;1.0;3/7/16 2:00 PM
1.0;7.53;553.2083333333333;5.98;21.453333;3.0;15.0;1.0;1.0;3/7/16 3:00 PM
0.0;7.36;557.0833333333334;6.76;21.453333;3.0;16.0;1.0;1.0;3/7/16 4:00 PM
0.0;7.11;562.5833333333333;2.84;20.803333;3.0;17.0;1.0;1.0;3/7/16 5:00 PM
0.0;6.63;566.5833333333333;1.57;20.41833325;3.0;18.0;0.0;1.0;3/7/16 6:00 PM
0.0;5.97;572.0416666666667;1.37;20.29;3.0;19.0;0.0;1.0;3/7/16 7:00 PM
0.0;5.14;576.2083333333334;2.55;19.9533335;3.0;20.0;0.0;1.0;3/7/16 8:00 PM
0.0;5.25;577.8333333333334;3.23;19.363333;3.0;21.0;0.0;1.0;3/7/16 9:00 PM
0.0;5.33;578.2083333333333;2.65;19.109999;3.0;22.0;0.0;1.0;3/7/16 10:00 PM
0.0;4.98;578.2083333333333;5.1;19.109999;3.0;23.0;0.0;1.0;3/7/16 11:00 PM
1.0;4.53;580.4166666666666;2.35;19.42;3.0;0.0;0.0;1.0;3/8/16 12:00 AM
1.0;5.3;582.125;2.65;19.730001;3.0;1.0;0.0;1.0;3/8/16 1:00 AM
1.0;4.96;582.1666666666667;3.63;19.730001;3.0;2.0;0.0;1.0;3/8/16 2:00 AM
1.0;3.83;583.0833333333333;1.96;20.573334;3.0;3.0;0.0;1.0;3/8/16 3:00 AM
1.0;2.98;587.0833333333333;2.25;20.573334;3.0;4.0;0.0;1.0;3/8/16 4:00 AM
1.0;3.05;586.9166666666666;0.0;20.573334;3.0;5.0;0.0;1.0;3/8/16 5:00 AM
1.0;3.52;586.6666666666667;5.1;20.826667;3.0;6.0;0.0;1.0;3/8/16 6:00 AM
1.0;3.86;585.5037878787879;0.88;21.08;3.0;7.0;0.0;1.0;3/8/16 7:00 AM
1.0;4.17;580.875;0.69;21.773332999999997;3.0;8.0;1.0;1.0;3/8/16 8:00 AM
1.0;5.14;570.75;3.23;21.773333;3.0;9.0;1.0;1.0;3/8/16 9:00 AM
1.0;6.21;561.2916666666667;2.35;22.0999995;3.0;10.0;1.0;1.0;3/8/16 10:00 AM
1.0;7.2;550.25;2.94;22.426666;3.0;11.0;1.0;1.0;3/8/16 11:00 AM
1.0;8.92;533.094696969697;4.7;22.426666;3.0;12.0;1.0;1.0;3/8/16 12:00 PM
1.0;9.89;548.1666666666666;4.51;22.426666;3.0;13.0;1.0;1.0;3/8/16 1:00 PM
0.0;9.15;539.375;2.35;22.426666;3.0;14.0;1.0;1.0;3/8/16 2:00 PM
0.0;11.07;527.0833333333333;3.04;22.426666;3.0;15.0;1.0;1.0;3/8/16 3:00 PM
0.0;11.03;538.625;7.06;22.426666;3.0;16.0;1.0;1.0;3/8/16 4:00 PM
0.0;9.38;532.125;3.23;21.83416675;3.0;17.0;1.0;1.0;3/8/16 5:00 PM
0.0;8.72;550.2916666666666;0.98;21.636667;3.0;18.0;0.0;1.0;3/8/16 6:00 PM
0.0;7.99;571.375;2.25;21.1966675;3.0;19.0;0.0;1.0;3/8/16 7:00 PM
0.0;8.1;576.2916666666667;2.06;20.786667;3.0;20.0;0.0;1.0;3/8/16 8:00 PM
0.0;7.29;578.4583333333334;1.47;20.523333;3.0;21.0;0.0;1.0;3/8/16 9:00 PM
0.0;7.22;579.8333333333333;0.88;20.39499975;3.0;22.0;0.0;1.0;3/8/16 10:00 PM
0.0;7.47;580.4583333333334;2.94;20.01;3.0;23.0;0.0;1.0;3/8/16 11:00 PM
1.0;7.57;581.125;4.61;20.01;3.0;0.0;0.0;1.0;3/9/16 12:00 AM
1.0;7.54;581.0;1.76;20.345;3.0;1.0;0.0;1.0;3/9/16 1:00 AM
1.0;7.6;580.9166666666667;4.02;20.68;3.0;2.0;0.0;1.0;3/9/16 2:00 AM
1.0;7.24;581.9166666666667;1.08;20.9550005;3.0;3.0;0.0;1.0;3/9/16 3:00 AM
1.0;6.9;582.9166666666667;1.08;21.230001;3.0;4.0;0.0;1.0;3/9/16 4:00 AM
1.0;6.73;584.2916666666666;1.76;21.230001;3.0;5.0;0.0;1.0;3/9/16 5:00 AM
1.0;6.69;585.25;1.18;21.39750075;3.0;6.0;0.0;1.0;3/9/16 6:00 AM
1.0;7.38;584.625;4.41;21.9;3.0;7.0;0.0;1.0;3/9/16 7:00 AM
1.0;7.42;581.5833333333334;5.39;22.0325;3.0;8.0;1.0;1.0;3/9/16 8:00 AM
1.0;7.59;577.2916666666667;6.86;22.43;3.0;9.0;1.0;1.0;3/9/16 9:00 AM
1.0;8.02;596.9916666666667;4.9;22.805;3.0;10.0;1.0;1.0;3/9/16 10:00 AM
1.0;8.62;580.9761904761905;13.03;22.93;3.0;11.0;1.0;1.0;3/9/16 11:00 AM
1.0;10.14;555.0;8.04;22.7983335;3.0;12.0;1.0;1.0;3/9/16 12:00 PM
0.0;9.18;542.5833333333334;5.39;22.403334;3.0;13.0;1.0;1.0;3/9/16 1:00 PM
0.0;6.81;545.25;8.92;22.403334;3.0;14.0;1.0;1.0;3/9/16 2:00 PM
0.0;6.34;559.9166666666666;11.07;22.403334;3.0;15.0;1.0;1.0;3/9/16 3:00 PM
0.0;6.45;573.0833333333333;7.45;22.235833500000002;3.0;16.0;1.0;1.0;3/9/16 4:00 PM
0.0;6.71;561.7916666666667;9.51;21.733332;3.0;17.0;1.0;1.0;3/9/16 5:00 PM
0.0;6.23;573.3333333333334;10.39;21.448332;3.0;18.0;0.0;1.0;3/9/16 6:00 PM
0.0;5.47;581.125;12.05;21.163332;3.0;19.0;0.0;1.0;3/9/16 7:00 PM
0.0;6.21;585.75;9.21;20.7183345;3.0;20.0;0.0;1.0;3/9/16 8:00 PM
0.0;5.79;586.125;5.1;20.053333;3.0;21.0;0.0;1.0;3/9/16 9:00 PM
0.0;5.85;586.4166666666666;3.33;20.053333;3.0;22.0;0.0;1.0;3/9/16 10:00 PM
0.0;5.46;588.4583333333334;3.72;20.053333;3.0;23.0;0.0;1.0;3/9/16 11:00 PM
1.0;5.47;590.6666666666667;4.02;20.1791665;3.0;0.0;0.0;1.0;3/10/16 12:00 AM
1.0;4.15;591.75;8.72;20.556667;3.0;1.0;0.0;1.0;3/10/16 1:00 AM
1.0;4.75;593.5833333333334;4.9;20.556667;3.0;2.0;0.0;1.0;3/10/16 2:00 AM
1.0;4.72;592.5833333333334;6.76;20.96166625;3.0;3.0;0.0;1.0;3/10/16 3:00 AM
1.0;5.17;593.3333333333333;4.02;21.096666;3.0;4.0;0.0;1.0;3/10/16 4:00 AM
1.0;6.09;593.125;5.68;21.096666;3.0;5.0;0.0;1.0;3/10/16 5:00 AM
1.0;5.62;591.9166666666666;6.47;21.511666499999997;3.0;6.0;0.0;1.0;3/10/16 6:00 AM
1.0;6.34;591.25;12.05;21.65;3.0;7.0;0.0;1.0;3/10/16 7:00 AM
1.0;6.25;589.75;4.8;22.040000000000003;3.0;8.0;1.0;1.0;3/10/16 8:00 AM
1.0;6.96;585.9166666666667;3.53;22.3308335;3.0;9.0;1.0;1.0;3/10/16 9:00 AM
1.0;6.47;582.4204545454545;7.74;22.813334;3.0;10.0;1.0;1.0;3/10/16 10:00 AM
1.0;7.41;569.4583333333334;4.8;22.813334;3.0;11.0;1.0;1.0;3/10/16 11:00 AM
1.0;8.25;561.4166666666667;5.68;22.813334;3.0;12.0;1.0;1.0;3/10/16 12:00 PM
0.0;9.28;559.625;8.23;22.813334;3.0;13.0;1.0;1.0;3/10/16 1:00 PM
0.0;8.18;559.1666666666667;5.68;22.813334;3.0;14.0;1.0;1.0;3/10/16 2:00 PM
0.0;8.09;568.0416666666667;5.88;22.176666;3.0;15.0;1.0;1.0;3/10/16 3:00 PM
0.0;8.15;576.7916666666667;6.76;22.176666;3.0;16.0;1.0;1.0;3/10/16 4:00 PM
0.0;7.51;579.125;7.94;21.987499500000002;3.0;17.0;1.0;1.0;3/10/16 5:00 PM
0.0;7.13;583.625;3.63;21.42;3.0;18.0;0.0;1.0;3/10/16 6:00 PM
0.0;7.45;587.125;3.82;21.42;3.0;19.0;0.0;1.0;3/10/16 7:00 PM
0.0;7.38;589.0;3.14;20.972500500000002;3.0;20.0;0.0;1.0;3/10/16 8:00 PM
0.0;6.98;591.0833333333333;5.19;20.5533345;3.0;21.0;0.0;1.0;3/10/16 9:00 PM
0.0;6.18;593.1666666666666;2.74;20.283335;3.0;22.0;0.0;1.0;3/10/16 10:00 PM
0.0;6.78;594.0833333333333;2.25;20.283335;3.0;23.0;0.0;1.0;3/10/16 11:00 PM
1.0;6.98;594.0833333333333;3.14;20.573334;3.0;0.0;0.0;2.0;3/11/16 12:00 AM
1.0;6.52;593.75;2.65;20.863333;3.0;1.0;0.0;2.0;3/11/16 1:00 AM
1.0;6.39;594.2916666666667;3.82;20.863333;3.0;2.0;0.0;2.0;3/11/16 2:00 AM
1.0;6.21;595.4166666666667;2.74;20.863333;3.0;3.0;0.0;2.0;3/11/16 3:00 AM
1.0;5.9;597.0416666666667;2.16;21.633333;3.0;4.0;0.0;2.0;3/11/16 4:00 AM
1.0;5.86;596.7083333333333;0.98;21.633333;3.0;5.0;0.0;2.0;3/11/16 5:00 AM
1.0;5.52;598.5;2.45;21.633333;3.0;6.0;0.0;2.0;3/11/16 6:00 AM
1.0;5.85;599.6666666666667;2.25;22.01333325;3.0;7.0;0.0;2.0;3/11/16 7:00 AM
1.0;6.66;594.1666666666667;1.76;22.14;3.0;8.0;1.0;2.0;3/11/16 8:00 AM
1.0;7.41;582.4166666666666;1.18;22.669998;3.0;9.0;1.0;2.0;3/11/16 9:00 AM
1.0;8.66;578.0833333333334;7.15;23.014999;3.0;10.0;1.0;2.0;3/11/16 10:00 AM
1.0;8.4;577.5;6.37;23.36;3.0;11.0;1.0;2.0;3/11/16 11:00 AM
1.0;9.28;562.1666666666667;4.7;23.0783335;3.0;12.0;1.0;2.0;3/11/16 12:00 PM
0.0;8.81;562.6666666666667;5.1;22.796667;3.0;13.0;1.0;2.0;3/11/16 1:00 PM
0.0;9.39;561.25;5.98;22.796667;3.0;14.0;1.0;2.0;3/11/16 2:00 PM
0.0;9.52;561.5416666666667;5.1;22.503333500000004;3.0;15.0;0.0;2.0;3/11/16 3:00 PM
0.0;9.08;554.2083333333334;5.59;22.21;3.0;16.0;0.0;2.0;3/11/16 4:00 PM
0.0;8.57;573.9583333333334;3.92;21.643333;3.0;17.0;0.0;2.0;3/11/16 5:00 PM
0.0;8.32;587.1666666666667;3.53;21.643333;3.0;18.0;0.0;2.0;3/11/16 6:00 PM
0.0;7.86;592.75;2.55;21.043333;3.0;19.0;0.0;2.0;3/11/16 7:00 PM
0.0;7.72;594.625;0.98;20.779999500000002;3.0;20.0;0.0;2.0;3/11/16 8:00 PM
0.0;7.94;595.5833333333333;3.43;20.516666;3.0;21.0;0.0;2.0;3/11/16 9:00 PM
0.0;7.56;596.9583333333333;1.67;20.516666;3.0;22.0;0.0;2.0;3/11/16 10:00 PM
0.0;7.25;597.7083333333333;1.76;20.516666;3.0;23.0;0.0;2.0;3/11/16 11:00 PM
0.0;6.27;599.75;0.0;20.126666000000004;3.0;0.0;0.0;0.0;3/12/16 12:00 AM
0.0;6.15;601.0;2.35;19.996666;3.0;1.0;0.0;0.0;3/12/16 1:00 AM
0.0;5.97;602.0;1.47;19.996666;3.0;2.0;0.0;0.0;3/12/16 2:00 AM
0.0;6.1;602.375;1.18;19.491667;3.0;3.0;0.0;0.0;3/12/16 3:00 AM
0.0;6.03;602.6666666666667;0.0;19.323334;3.0;4.0;0.0;0.0;3/12/16 4:00 AM
0.0;5.95;603.2083333333333;0.0;19.323334;3.0;5.0;0.0;0.0;3/12/16 5:00 AM
0.0;6.09;603.7916666666667;0.0;19.323334;3.0;6.0;0.0;0.0;3/12/16 6:00 AM
0.0;6.0;604.0416666666666;0.59;19.323334;3.0;7.0;0.0;0.0;3/12/16 7:00 AM
0.0;6.25;602.8333333333333;0.0;19.323334;3.0;8.0;0.0;0.0;3/12/16 8:00 AM
0.0;6.89;596.4583333333333;0.0;19.323334;3.0;9.0;0.0;0.0;3/12/16 9:00 AM
0.0;7.78;584.5833333333333;4.61;19.323334;3.0;10.0;0.0;0.0;3/12/16 10:00 AM
0.0;8.34;576.9583333333334;4.51;19.323334;3.0;11.0;0.0;0.0;3/12/16 11:00 AM
0.0;8.83;558.2083333333333;4.31;19.323334;3.0;12.0;0.0;0.0;3/12/16 12:00 PM
0.0;9.09;548.0833333333333;7.64;19.323334;3.0;13.0;0.0;0.0;3/12/16 1:00 PM
0.0;8.99;561.8846153846154;6.76;19.323334;3.0;14.0;0.0;0.0;3/12/16 2:00 PM
0.0;9.59;554.625;3.82;19.72583275;3.0;15.0;0.0;0.0;3/12/16 3:00 PM
0.0;8.82;568.5833333333333;3.23;19.704999249999997;3.0;16.0;0.0;0.0;3/12/16 4:00 PM
0.0;8.42;581.3333333333333;2.45;19.24;3.0;17.0;0.0;0.0;3/12/16 5:00 PM
0.0;7.81;591.2083333333333;0.98;19.24;3.0;18.0;0.0;0.0;3/12/16 6:00 PM
0.0;7.23;598.6666666666667;0.0;19.24;3.0;19.0;0.0;0.0;3/12/16 7:00 PM
0.0;6.97;600.2916666666667;0.88;19.24;3.0;20.0;0.0;0.0;3/12/16 8:00 PM
0.0;6.95;601.375;0.0;19.24;3.0;21.0;0.0;0.0;3/12/16 9:00 PM
0.0;6.65;602.4583333333333;0.0;19.24;3.0;22.0;0.0;0.0;3/12/16 10:00 PM
0.0;6.71;604.0833333333334;1.47;19.24;3.0;23.0;0.0;0.0;3/12/16 11:00 PM
0.0;6.32;605.0416666666667;0.0;19.24;3.0;0.0;0.0;0.0;3/13/16 12:00 AM
0.0;6.23;605.7916666666666;0.0;19.24;3.0;1.0;0.0;0.0;3/13/16 1:00 AM
0.0;6.09;606.75;1.27;19.24;3.0;2.0;0.0;0.0;3/13/16 2:00 AM
0.0;6.12;607.0416666666667;2.55;19.24;3.0;3.0;0.0;0.0;3/13/16 3:00 AM
0.0;6.13;607.6666666666667;1.76;19.095000499999998;3.0;4.0;0.0;0.0;3/13/16 4:00 AM
0.0;5.77;608.0833333333333;2.25;18.660002;3.0;5.0;0.0;0.0;3/13/16 5:00 AM
0.0;5.73;609.25;1.86;18.660002;3.0;6.0;0.0;0.0;3/13/16 6:00 AM
0.0;5.94;608.4166666666666;2.25;18.660002;3.0;7.0;0.0;0.0;3/13/16 7:00 AM
0.0;7.18;600.9583333333333;2.45;18.660002;3.0;8.0;0.0;0.0;3/13/16 8:00 AM
0.0;8.32;581.9166666666666;2.55;18.660002;3.0;9.0;0.0;0.0;3/13/16 9:00 AM
0.0;10.23;565.4583333333334;5.0;18.660002;3.0;10.0;0.0;0.0;3/13/16 10:00 AM
0.0;10.62;561.7916666666667;5.98;18.660002;3.0;11.0;0.0;0.0;3/13/16 11:00 AM
0.0;11.28;557.8333333333334;5.19;18.660002;3.0;12.0;0.0;0.0;3/13/16 12:00 PM
0.0;11.66;555.2083333333333;7.45;19.213335;3.0;13.0;0.0;0.0;3/13/16 1:00 PM
0.0;11.42;547.4166666666667;8.23;19.213335;3.0;14.0;0.0;0.0;3/13/16 2:00 PM
0.0;10.72;543.5833333333334;6.86;19.213335;3.0;15.0;0.0;0.0;3/13/16 3:00 PM
0.0;9.91;540.4166666666666;6.66;19.213335;3.0;16.0;0.0;0.0;3/13/16 4:00 PM
0.0;9.85;561.2916666666667;7.06;19.213335;3.0;17.0;0.0;0.0;3/13/16 5:00 PM
0.0;8.59;572.125;3.14;19.213335;3.0;18.0;0.0;0.0;3/13/16 6:00 PM
0.0;8.1;597.3333333333333;3.23;19.213335;3.0;19.0;0.0;0.0;3/13/16 7:00 PM
0.0;7.85;602.3333333333333;2.65;19.080001250000002;3.0;20.0;0.0;0.0;3/13/16 8:00 PM
0.0;7.9;605.5416666666667;2.65;18.68;3.0;21.0;0.0;0.0;3/13/16 9:00 PM
0.0;6.64;606.75;4.12;18.68;3.0;22.0;0.0;0.0;3/13/16 10:00 PM
0.0;5.96;607.75;2.65;18.68;3.0;23.0;0.0;0.0;3/13/16 11:00 PM
1.0;5.81;609.125;3.14;18.995833750000003;3.0;0.0;0.0;1.0;3/14/16 12:00 AM
1.0;5.45;611.2916666666667;1.27;19.178334250000002;3.0;1.0;0.0;1.0;3/14/16 1:00 AM
1.0;4.72;614.875;0.98;19.563334;3.0;2.0;0.0;1.0;3/14/16 2:00 AM
1.0;4.23;617.8333333333334;0.59;19.563334;3.0;3.0;0.0;1.0;3/14/16 3:00 AM
1.0;4.13;617.2916666666667;2.06;20.33;3.0;4.0;0.0;1.0;3/14/16 4:00 AM
1.0;4.51;616.125;0.0;20.33;3.0;5.0;0.0;1.0;3/14/16 5:00 AM
1.0;4.6;616.2083333333334;1.27;20.33;3.0;6.0;0.0;1.0;3/14/16 6:00 AM
1.0;4.9;615.875;1.37;20.846666;3.0;7.0;0.0;1.0;3/14/16 7:00 AM
1.0;5.25;612.2083333333333;0.69;21.2716675;3.0;8.0;1.0;1.0;3/14/16 8:00 AM
1.0;6.09;603.2916666666667;0.49;21.696669;3.0;9.0;1.0;1.0;3/14/16 9:00 AM
1.0;7.19;590.2083333333333;0.49;21.83500175;3.0;10.0;1.0;1.0;3/14/16 10:00 AM
1.0;8.18;578.4583333333333;0.98;22.25;3.0;11.0;1.0;1.0;3/14/16 11:00 AM
1.0;9.26;555.9166666666667;1.27;22.25;3.0;12.0;1.0;1.0;3/14/16 12:00 PM
1.0;9.17;559.625;3.82;22.0;3.0;13.0;1.0;1.0;3/14/16 1:00 PM
0.0;9.06;560.7916666666667;2.06;21.75;3.0;14.0;1.0;1.0;3/14/16 2:00 PM
0.0;9.82;556.0833333333334;3.72;21.75;3.0;15.0;1.0;1.0;3/14/16 3:00 PM
0.0;9.75;543.2916666666667;4.7;21.75;3.0;16.0;1.0;1.0;3/14/16 4:00 PM
0.0;9.31;560.4679487179487;4.41;21.75;3.0;17.0;1.0;1.0;3/14/16 5:00 PM
1.0;8.98;524.4166666666666;3.63;21.75;3.0;18.0;0.0;1.0;3/14/16 6:00 PM
0.0;8.04;596.3333333333333;2.25;21.463333;3.0;19.0;0.0;1.0;3/14/16 7:00 PM
0.0;6.79;611.25;1.37;20.98083275;3.0;20.0;0.0;1.0;3/14/16 8:00 PM
0.0;6.04;614.9166666666667;2.16;20.393333;3.0;21.0;0.0;1.0;3/14/16 9:00 PM
0.0;5.08;618.4583333333333;1.47;20.25666625;3.0;22.0;0.0;1.0;3/14/16 10:00 PM
0.0;4.01;620.9583333333333;0.0;20.1066665;3.0;23.0;0.0;1.0;3/14/16 11:00 PM
0.0;3.4;623.2916666666667;1.27;20.366667;3.0;0.0;0.0;1.0;3/15/16 12:00 AM
1.0;3.01;624.8333333333333;2.16;20.92;3.0;1.0;0.0;1.0;3/15/16 1:00 AM
1.0;2.8;624.6666666666667;1.27;20.92;3.0;2.0;0.0;1.0;3/15/16 2:00 AM
1.0;2.12;625.75;0.0;20.92;3.0;3.0;0.0;1.0;3/15/16 3:00 AM
1.0;1.41;626.5416666666666;2.45;20.92;3.0;4.0;0.0;1.0;3/15/16 4:00 AM
1.0;1.7;628.375;1.67;20.92;3.0;5.0;0.0;1.0;3/15/16 5:00 AM
1.0;1.64;628.75;1.67;21.566666;3.0;6.0;0.0;1.0;3/15/16 6:00 AM
1.0;1.0;628.9166666666667;1.47;21.566666;3.0;7.0;0.0;1.0;3/15/16 7:00 AM
1.0;2.76;617.875;1.27;22.04166575;3.0;8.0;1.0;1.0;3/15/16 8:00 AM
1.0;6.9;601.375;1.76;22.199999;3.0;9.0;1.0;1.0;3/15/16 9:00 AM
1.0;10.17;588.5;3.72;22.612499749999998;3.0;10.0;1.0;1.0;3/15/16 10:00 AM
1.0;13.26;578.25;4.21;22.75;3.0;11.0;1.0;1.0;3/15/16 11:00 AM
1.0;15.07;570.6666666666667;3.14;22.75;3.0;12.0;1.0;1.0;3/15/16 12:00 PM
0.0;15.77;562.6666666666666;2.74;22.75;3.0;13.0;1.0;1.0;3/15/16 1:00 PM
0.0;16.74;553.625;2.94;22.75;3.0;14.0;1.0;1.0;3/15/16 2:00 PM
0.0;18.06;527.75;4.02;22.75;3.0;15.0;1.0;1.0;3/15/16 3:00 PM
0.0;15.4;529.0;5.1;22.75;3.0;16.0;1.0;1.0;3/15/16 4:00 PM
0.0;13.66;530.5416666666667;3.04;22.75;3.0;17.0;1.0;1.0;3/15/16 5:00 PM
0.0;12.22;528.5;2.45;22.75;3.0;18.0;0.0;1.0;3/15/16 6:00 PM
0.0;9.67;600.1666666666667;1.57;22.233332;3.0;19.0;0.0;1.0;3/15/16 7:00 PM
0.0;8.38;616.75;1.18;22.233332;3.0;20.0;0.0;1.0;3/15/16 8:00 PM
0.0;7.14;621.2083333333333;0.0;21.646666;3.0;21.0;0.0;1.0;3/15/16 9:00 PM
0.0;6.33;623.1666666666667;0.0;21.276667;3.0;22.0;0.0;1.0;3/15/16 10:00 PM
0.0;5.78;619.125;1.18;20.906668;3.0;23.0;0.0;1.0;3/15/16 11:00 PM
1.0;6.4;618.75;1.18;21.226667499999998;3.0;0.0;0.0;1.0;3/16/16 12:00 AM
1.0;6.55;621.2916666666667;0.88;21.546667;3.0;1.0;0.0;1.0;3/16/16 1:00 AM
1.0;6.29;620.125;2.06;21.67583375;3.0;2.0;0.0;1.0;3/16/16 2:00 AM
1.0;5.8;621.875;0.69;22.063334;3.0;3.0;0.0;1.0;3/16/16 3:00 AM
1.0;5.49;623.125;1.67;22.063334;3.0;4.0;0.0;1.0;3/16/16 4:00 AM
1.0;7.62;620.8333333333333;4.02;22.063334;3.0;5.0;0.0;1.0;3/16/16 5:00 AM
1.0;8.23;618.375;3.92;22.063334;3.0;6.0;0.0;1.0;3/16/16 6:00 AM
1.0;8.73;615.1666666666667;6.27;22.626665;3.0;7.0;0.0;1.0;3/16/16 7:00 AM
1.0;8.94;609.8333333333334;2.65;22.76583225;3.0;8.0;1.0;1.0;3/16/16 8:00 AM
1.0;10.05;595.8522727272727;3.53;23.183334;3.0;9.0;1.0;1.0;3/16/16 9:00 AM
1.0;10.39;588.9166666666666;5.68;23.183334;3.0;10.0;1.0;1.0;3/16/16 10:00 AM
1.0;9.31;589.375;4.8;23.183334;3.0;11.0;1.0;1.0;3/16/16 11:00 AM
0.0;11.63;567.7083333333333;4.7;23.183334;3.0;12.0;1.0;1.0;3/16/16 12:00 PM
0.0;11.09;560.3333333333333;4.51;23.183334;3.0;13.0;1.0;1.0;3/16/16 1:00 PM
0.0;9.5;583.7083333333333;3.72;23.183334;3.0;14.0;1.0;1.0;3/16/16 2:00 PM
0.0;8.38;597.2083333333333;5.19;23.03833375;3.0;15.0;1.0;1.0;3/16/16 3:00 PM
0.0;8.5;602.0;4.9;22.603333;3.0;16.0;1.0;1.0;3/16/16 4:00 PM
0.0;8.92;603.0416666666666;3.92;22.603333;3.0;17.0;1.0;1.0;3/16/16 5:00 PM
0.0;7.61;606.4166666666667;5.0;22.440833;3.0;18.0;0.0;1.0;3/16/16 6:00 PM
0.0;7.18;609.9166666666667;1.96;21.953333;3.0;19.0;0.0;1.0;3/16/16 7:00 PM
0.0;6.77;611.9166666666666;3.33;21.568334749999998;3.0;20.0;0.0;1.0;3/16/16 8:00 PM
0.0;6.56;613.7916666666667;2.06;21.440002;3.0;21.0;0.0;1.0;3/16/16 9:00 PM
0.0;5.92;615.5416666666666;1.08;21.123333499999998;3.0;22.0;0.0;1.0;3/16/16 10:00 PM
0.0;5.19;617.875;0.98;20.806665;3.0;23.0;0.0;1.0;3/16/16 11:00 PM
1.0;4.83;620.375;1.57;21.31;3.0;0.0;0.0;1.0;3/17/16 12:00 AM
1.0;4.98;621.25;1.67;21.31;3.0;1.0;0.0;1.0;3/17/16 1:00 AM
1.0;4.38;621.75;1.27;21.31;3.0;2.0;0.0;1.0;3/17/16 2:00 AM
1.0;3.71;625.0416666666667;0.29;21.56;3.0;3.0;0.0;1.0;3/17/16 3:00 AM
1.0;3.86;624.5;0.59;21.81;3.0;4.0;0.0;1.0;3/17/16 4:00 AM
1.0;3.78;623.5416666666667;1.18;21.81;3.0;5.0;0.0;1.0;3/17/16 5:00 AM
1.0;3.52;623.7083333333334;0.69;21.95416625;3.0;6.0;0.0;1.0;3/17/16 6:00 AM
1.0;3.45;625.375;1.86;22.386665;3.0;7.0;0.0;1.0;3/17/16 7:00 AM
1.0;3.92;614.5416666666666;1.27;22.541665750000003;3.0;8.0;1.0;1.0;3/17/16 8:00 AM
1.0;6.05;597.9583333333334;1.08;23.006668;3.0;9.0;1.0;1.0;3/17/16 9:00 AM
1.0;7.43;577.6666666666666;1.18;23.006668;3.0;10.0;1.0;1.0;3/17/16 10:00 AM
0.0;9.06;565.7916666666667;1.96;23.006668;3.0;11.0;1.0;1.0;3/17/16 11:00 AM
0.0;9.81;561.909090909091;4.02;23.006668;3.0;12.0;1.0;1.0;3/17/16 12:00 PM
0.0;10.9;547.0;5.1;23.006668;3.0;13.0;1.0;1.0;3/17/16 1:00 PM
0.0;10.51;548.75;2.94;23.006668;3.0;14.0;1.0;1.0;3/17/16 2:00 PM
0.0;9.57;588.875;4.9;23.006668;3.0;15.0;1.0;1.0;3/17/16 3:00 PM
0.0;9.79;556.5;5.19;23.006668;3.0;16.0;1.0;1.0;3/17/16 4:00 PM
0.0;9.2;539.0;3.14;23.006668;3.0;17.0;1.0;1.0;3/17/16 5:00 PM
0.0;8.62;587.875;1.96;22.6816675;3.0;18.0;0.0;1.0;3/17/16 6:00 PM
0.0;7.4;606.4583333333334;1.08;22.356667;3.0;19.0;0.0;1.0;3/17/16 7:00 PM
0.0;6.42;613.75;2.45;22.228333250000002;3.0;20.0;0.0;1.0;3/17/16 8:00 PM
0.0;4.78;620.2083333333334;0.0;21.843332;3.0;21.0;0.0;1.0;3/17/16 9:00 PM
0.0;4.39;622.375;0.0;21.343332;3.0;22.0;0.0;1.0;3/17/16 10:00 PM
0.0;3.92;622.8333333333334;0.0;21.343332;3.0;23.0;0.0;1.0;3/17/16 11:00 PM
1.0;2.95;625.4583333333333;0.78;21.343332;3.0;0.0;0.0;2.0;3/18/16 12:00 AM
1.0;2.4;627.75;0.0;21.6583325;3.0;1.0;0.0;2.0;3/18/16 1:00 AM
1.0;2.26;629.25;2.65;21.973333;3.0;2.0;0.0;2.0;3/18/16 2:00 AM
1.0;2.54;627.1666666666666;2.25;21.973333;3.0;3.0;0.0;2.0;3/18/16 3:00 AM
1.0;3.0;626.1666666666667;0.78;21.973333;3.0;4.0;0.0;2.0;3/18/16 4:00 AM
1.0;3.01;624.9583333333333;1.96;21.973333;3.0;5.0;0.0;2.0;3/18/16 5:00 AM
1.0;3.26;625.2083333333334;1.37;22.348333;3.0;6.0;0.0;2.0;3/18/16 6:00 AM
1.0;3.39;624.0833333333333;1.96;22.473333;3.0;7.0;0.0;2.0;3/18/16 7:00 AM
1.0;4.18;615.7916666666666;2.55;22.6724995;3.0;8.0;1.0;2.0;3/18/16 8:00 AM
1.0;7.78;601.9583333333334;2.25;23.269999;3.0;9.0;1.0;2.0;3/18/16 9:00 AM
1.0;9.4;593.4166666666666;3.72;23.269999;3.0;10.0;1.0;2.0;3/18/16 10:00 AM
1.0;12.44;579.9583333333333;4.7;23.269999;3.0;11.0;1.0;2.0;3/18/16 11:00 AM
0.0;12.99;567.0;5.1;23.269999;3.0;12.0;1.0;2.0;3/18/16 12:00 PM
0.0;12.83;558.6666666666666;4.41;23.269999;3.0;13.0;1.0;2.0;3/18/16 1:00 PM
0.0;12.75;541.375;3.53;23.269999;3.0;14.0;1.0;2.0;3/18/16 2:00 PM
0.0;12.55;547.9166666666667;5.88;23.269999;3.0;15.0;0.0;2.0;3/18/16 3:00 PM
0.0;11.91;557.9583333333334;5.29;22.696665;3.0;16.0;0.0;2.0;3/18/16 4:00 PM
0.0;11.43;579.3333333333334;4.8;22.696665;3.0;17.0;0.0;2.0;3/18/16 5:00 PM
0.0;11.0;591.7916666666667;2.74;22.144167000000003;3.0;18.0;0.0;2.0;3/18/16 6:00 PM
0.0;10.46;602.875;1.47;21.960001;3.0;19.0;0.0;2.0;3/18/16 7:00 PM
0.0;9.38;606.5833333333333;2.35;21.960001;3.0;20.0;0.0;2.0;3/18/16 8:00 PM
0.0;8.48;611.375;1.18;21.42;3.0;21.0;0.0;2.0;3/18/16 9:00 PM
0.0;8.48;610.9583333333333;0.88;21.42;3.0;22.0;0.0;2.0;3/18/16 10:00 PM
0.0;8.38;610.7083333333334;1.57;21.42;3.0;23.0;0.0;2.0;3/18/16 11:00 PM
0.0;8.24;610.5833333333334;0.29;21.1033335;3.0;0.0;0.0;0.0;3/19/16 12:00 AM
0.0;8.0;611.0;0.49;20.786667;3.0;1.0;0.0;0.0;3/19/16 1:00 AM
0.0;8.07;611.0416666666667;0.69;20.786667;3.0;2.0;0.0;0.0;3/19/16 2:00 AM
0.0;8.45;611.3333333333334;2.16;20.786667;3.0;3.0;0.0;0.0;3/19/16 3:00 AM
0.0;8.44;609.5416666666667;1.76;20.786667;3.0;4.0;0.0;0.0;3/19/16 4:00 AM
0.0;9.84;606.3333333333333;2.45;20.786667;3.0;5.0;0.0;0.0;3/19/16 5:00 AM
0.0;9.57;604.9166666666667;2.16;20.786667;3.0;6.0;0.0;0.0;3/19/16 6:00 AM
0.0;11.26;604.0833333333333;4.41;20.786667;3.0;7.0;0.0;0.0;3/19/16 7:00 AM
0.0;11.78;596.5416666666666;6.17;20.786667;3.0;8.0;0.0;0.0;3/19/16 8:00 AM
0.0;12.62;588.5;6.27;20.349166500000003;3.0;9.0;0.0;0.0;3/19/16 9:00 AM
0.0;12.53;579.6666666666667;4.8;20.203333;3.0;10.0;0.0;0.0;3/19/16 10:00 AM
0.0;12.44;583.8333333333333;3.04;20.203333;3.0;11.0;0.0;0.0;3/19/16 11:00 AM
0.0;11.92;580.4583333333333;2.16;20.203333;3.0;12.0;0.0;0.0;3/19/16 12:00 PM
0.0;11.18;577.5833333333334;1.96;20.203333;3.0;13.0;0.0;0.0;3/19/16 1:00 PM
0.0;11.26;582.4583333333334;0.0;20.203333;3.0;14.0;0.0;0.0;3/19/16 2:00 PM
0.0;11.1;584.5;2.06;20.203333;3.0;15.0;0.0;0.0;3/19/16 3:00 PM
0.0;10.34;589.3333333333333;2.65;20.203333;3.0;16.0;0.0;0.0;3/19/16 4:00 PM
0.0;9.98;596.6666666666667;3.23;20.203333;3.0;17.0;0.0;0.0;3/19/16 5:00 PM
0.0;9.83;603.2083333333334;2.84;20.203333;3.0;18.0;0.0;0.0;3/19/16 6:00 PM
0.0;9.78;606.8333333333333;1.67;20.203333;3.0;19.0;0.0;0.0;3/19/16 7:00 PM
0.0;9.58;608.7083333333333;1.57;20.203333;3.0;20.0;0.0;0.0;3/19/16 8:00 PM
0.0;9.26;609.4583333333333;0.0;20.203333;3.0;21.0;0.0;0.0;3/19/16 9:00 PM
0.0;9.08;610.0416666666666;0.0;20.203333;3.0;22.0;0.0;0.0;3/19/16 10:00 PM
0.0;8.89;610.625;1.08;19.800832749999998;3.0;23.0;0.0;0.0;3/19/16 11:00 PM
0.0;8.7;612.3333333333333;0.78;19.666666;3.0;0.0;0.0;0.0;3/20/16 12:00 AM
0.0;8.38;612.5;2.55;19.666666;3.0;1.0;0.0;0.0;3/20/16 1:00 AM
0.0;7.94;615.0833333333333;1.47;19.666666;3.0;2.0;0.0;0.0;3/20/16 2:00 AM
0.0;7.75;616.8333333333334;1.18;19.666666;3.0;3.0;0.0;0.0;3/20/16 3:00 AM
0.0;7.47;617.875;2.84;19.666666;3.0;4.0;0.0;0.0;3/20/16 4:00 AM
0.0;6.93;617.7083333333334;1.47;19.666666;3.0;5.0;0.0;0.0;3/20/16 5:00 AM
0.0;7.03;617.9583333333334;1.08;19.666666;3.0;6.0;0.0;0.0;3/20/16 6:00 AM
0.0;7.11;616.625;2.06;19.666666;3.0;7.0;0.0;0.0;3/20/16 7:00 AM
0.0;8.08;608.4583333333334;1.47;19.666666;3.0;8.0;0.0;0.0;3/20/16 8:00 AM
0.0;9.42;592.2916666666667;1.18;19.666666;3.0;9.0;0.0;0.0;3/20/16 9:00 AM
0.0;11.68;573.7916666666666;1.96;19.666666;3.0;10.0;0.0;0.0;3/20/16 10:00 AM
0.0;14.91;558.5;2.74;19.666666;3.0;11.0;0.0;0.0;3/20/16 11:00 AM
0.0;16.24;562.2678571428571;10.39;20.0516665;3.0;12.0;0.0;0.0;3/20/16 12:00 PM
0.0;16.34;546.7916666666667;2.06;20.18;3.0;13.0;0.0;0.0;3/20/16 1:00 PM
0.0;16.53;554.0833333333333;2.16;20.18;3.0;14.0;0.0;0.0;3/20/16 2:00 PM
0.0;14.5;553.5833333333333;4.51;20.18;3.0;15.0;0.0;0.0;3/20/16 3:00 PM
0.0;13.69;556.2083333333334;2.25;20.18;3.0;16.0;0.0;0.0;3/20/16 4:00 PM
0.0;13.77;554.0416666666667;2.55;20.18;3.0;17.0;0.0;0.0;3/20/16 5:00 PM
0.0;12.65;569.1666666666666;1.37;20.18;3.0;18.0;0.0;0.0;3/20/16 6:00 PM
0.0;10.6;598.875;1.96;20.18;3.0;19.0;0.0;0.0;3/20/16 7:00 PM
1.0;9.34;610.2916666666666;1.37;20.18;3.0;20.0;0.0;0.0;3/20/16 8:00 PM
1.0;8.43;614.125;0.98;20.18;3.0;21.0;0.0;0.0;3/20/16 9:00 PM
1.0;8.26;614.5833333333333;0.0;20.18;3.0;22.0;0.0;0.0;3/20/16 10:00 PM
1.0;8.06;613.0416666666667;0.78;19.7424995;3.0;23.0;0.0;0.0;3/20/16 11:00 PM
1.0;7.91;613.8333333333333;1.27;20.256666;3.0;0.0;0.0;1.0;3/21/16 12:00 AM
1.0;7.98;614.4583333333333;0.98;20.7091665;3.0;1.0;0.0;1.0;3/21/16 1:00 AM
1.0;7.91;615.75;0.39;20.86;3.0;2.0;0.0;1.0;3/21/16 2:00 AM
1.0;8.06;614.875;1.37;20.86;3.0;3.0;0.0;1.0;3/21/16 3:00 AM
1.0;8.14;615.3333333333333;2.65;21.613333;3.0;4.0;0.0;1.0;3/21/16 4:00 AM
1.0;7.95;614.8333333333333;1.37;21.613333;3.0;5.0;0.0;1.0;3/21/16 5:00 AM
1.0;8.22;614.2916666666666;0.0;21.613333;3.0;6.0;0.0;1.0;3/21/16 6:00 AM
1.0;8.48;612.1666666666667;0.0;21.74499975;3.0;7.0;0.0;1.0;3/21/16 7:00 AM
1.0;10.16;597.7083333333334;0.0;22.464999999999996;3.0;8.0;1.0;1.0;3/21/16 8:00 AM
1.0;11.68;582.5;1.67;22.79;3.0;9.0;1.0;1.0;3/21/16 9:00 AM
1.0;13.83;563.0416666666667;3.72;22.79;3.0;10.0;1.0;1.0;3/21/16 10:00 AM
0.0;14.06;577.1570512820513;2.45;22.79;3.0;11.0;1.0;1.0;3/21/16 11:00 AM
0.0;12.67;558.0;3.23;22.79;3.0;12.0;1.0;1.0;3/21/16 12:00 PM
0.0;13.55;558.0;3.53;22.79;3.0;13.0;1.0;1.0;3/21/16 1:00 PM
0.0;13.74;552.0833333333334;5.19;22.79;3.0;14.0;1.0;1.0;3/21/16 2:00 PM
0.0;13.38;550.125;6.57;22.79;3.0;15.0;1.0;1.0;3/21/16 3:00 PM
0.0;13.04;545.5833333333333;5.49;22.79;3.0;16.0;1.0;1.0;3/21/16 4:00 PM
0.0;11.88;551.5;5.39;22.64416675;3.0;17.0;1.0;1.0;3/21/16 5:00 PM
0.0;10.79;591.6666666666667;3.53;22.206667;3.0;18.0;0.0;1.0;3/21/16 6:00 PM
0.0;10.18;605.0416666666667;1.27;22.206667;3.0;19.0;0.0;1.0;3/21/16 7:00 PM
0.0;10.01;608.0;2.45;21.539999;3.0;20.0;0.0;1.0;3/21/16 8:00 PM
0.0;9.87;609.25;0.98;21.539999;3.0;21.0;0.0;1.0;3/21/16 9:00 PM
0.0;9.62;609.875;1.96;21.389165750000004;3.0;22.0;0.0;1.0;3/21/16 10:00 PM
0.0;9.3;611.125;2.06;20.936666;3.0;23.0;0.0;1.0;3/21/16 11:00 PM
1.0;9.38;610.4166666666667;2.94;21.476667499999998;3.0;0.0;0.0;1.0;3/22/16 12:00 AM
1.0;9.36;610.75;3.63;21.656668;3.0;1.0;0.0;1.0;3/22/16 1:00 AM
1.0;9.43;610.625;1.76;21.656668;3.0;2.0;0.0;1.0;3/22/16 2:00 AM
1.0;9.43;611.0;2.06;21.7891675;3.0;3.0;0.0;1.0;3/22/16 3:00 AM
1.0;9.48;611.0;1.86;22.186666;3.0;4.0;0.0;1.0;3/22/16 4:00 AM
1.0;9.48;610.6666666666667;2.55;22.186666;3.0;5.0;0.0;1.0;3/22/16 5:00 AM
1.0;9.53;611.1666666666667;2.55;22.604167;3.0;6.0;0.0;1.0;3/22/16 6:00 AM
1.0;9.64;609.9583333333333;1.47;22.743334;3.0;7.0;0.0;1.0;3/22/16 7:00 AM
1.0;10.41;600.8333333333334;4.8;22.743334;3.0;8.0;1.0;1.0;3/22/16 8:00 AM
0.0;9.85;594.4166666666667;6.08;22.743334;3.0;9.0;1.0;1.0;3/22/16 9:00 AM
0.0;9.99;597.5;4.9;22.743334;3.0;10.0;1.0;1.0;3/22/16 10:00 AM
0.0;10.63;581.7916666666667;4.61;22.743334;3.0;11.0;1.0;1.0;3/22/16 11:00 AM
0.0;12.25;568.7083333333334;7.06;22.743334;3.0;12.0;1.0;1.0;3/22/16 12:00 PM
0.0;11.56;563.3333333333333;6.47;22.743334;3.0;13.0;1.0;1.0;3/22/16 1:00 PM
0.0;11.5;562.125;7.06;22.743334;3.0;14.0;1.0;1.0;3/22/16 2:00 PM
0.0;11.0;568.375;4.8;22.743334;3.0;15.0;1.0;1.0;3/22/16 3:00 PM
0.0;10.02;577.0833333333333;7.15;22.743334;3.0;16.0;1.0;1.0;3/22/16 4:00 PM
0.0;9.49;590.625;3.92;22.743334;3.0;17.0;1.0;1.0;3/22/16 5:00 PM
0.0;9.0;601.375;3.63;22.365833499999997;3.0;18.0;0.0;1.0;3/22/16 6:00 PM
0.0;8.6;607.875;3.23;21.8799995;3.0;19.0;0.0;1.0;3/22/16 7:00 PM
0.0;8.47;610.0833333333334;3.82;21.519999;3.0;20.0;0.0;1.0;3/22/16 8:00 PM
0.0;8.31;611.25;3.33;21.373332249999997;3.0;21.0;0.0;1.0;3/22/16 9:00 PM
0.0;8.05;612.7083333333333;2.74;20.933332;3.0;22.0;0.0;1.0;3/22/16 10:00 PM
0.0;8.12;613.5416666666666;2.25;20.933332;3.0;23.0;0.0;1.0;3/22/16 11:00 PM
1.0;8.11;614.5833333333333;3.33;21.370834;3.0;0.0;0.0;2.0;3/23/16 12:00 AM
1.0;7.96;614.7916666666666;2.25;21.516668;3.0;1.0;0.0;2.0;3/23/16 1:00 AM
1.0;8.04;615.0416666666667;3.04;21.516668;3.0;2.0;0.0;2.0;3/23/16 2:00 AM
1.0;8.31;614.5416666666667;3.04;21.8566665;3.0;3.0;0.0;2.0;3/23/16 3:00 AM
1.0;8.26;614.5;2.45;22.196665;3.0;4.0;0.0;2.0;3/23/16 4:00 AM
1.0;8.44;615.1666666666667;3.04;22.196665;3.0;5.0;0.0;2.0;3/23/16 5:00 AM
1.0;8.69;615.875;1.86;22.534998;3.0;6.0;0.0;2.0;3/23/16 6:00 AM
1.0;9.37;613.0416666666666;6.27;22.873331;3.0;7.0;0.0;2.0;3/23/16 7:00 AM
1.0;9.82;603.9583333333334;5.19;22.884997749999997;3.0;8.0;1.0;2.0;3/23/16 8:00 AM
0.0;10.9;586.6477272727273;5.49;22.919998;3.0;9.0;1.0;2.0;3/23/16 9:00 AM
0.0;10.0;591.0416666666667;7.74;22.919998;3.0;10.0;1.0;2.0;3/23/16 10:00 AM
0.0;11.72;569.375;8.43;22.919998;3.0;11.0;1.0;2.0;3/23/16 11:00 AM
0.0;12.87;559.7916666666667;9.21;22.919998;3.0;12.0;1.0;2.0;3/23/16 12:00 PM
0.0;11.78;555.75;7.74;22.919998;3.0;13.0;1.0;2.0;3/23/16 1:00 PM
0.0;11.6;563.2916666666666;6.96;22.919998;3.0;14.0;1.0;2.0;3/23/16 2:00 PM
0.0;11.27;565.7916666666667;9.31;22.919998;3.0;15.0;0.0;2.0;3/23/16 3:00 PM
0.0;11.41;537.75;7.55;22.919998;3.0;16.0;0.0;2.0;3/23/16 4:00 PM
0.0;11.2;510.70833333333337;5.78;22.919998;3.0;17.0;0.0;2.0;3/23/16 5:00 PM
0.0;10.38;535.7916666666666;2.94;22.919998;3.0;18.0;0.0;2.0;3/23/16 6:00 PM
0.0;8.71;600.2916666666666;1.27;22.794165;3.0;19.0;0.0;2.0;3/23/16 7:00 PM
0.0;8.59;611.75;0.98;22.27666625;3.0;20.0;0.0;2.0;3/23/16 8:00 PM
0.0;8.4;615.375;1.18;21.856667;3.0;21.0;0.0;2.0;3/23/16 9:00 PM
0.0;7.6;616.75;1.37;21.856667;3.0;22.0;0.0;2.0;3/23/16 10:00 PM
0.0;7.45;615.9166666666667;2.35;21.29;3.0;23.0;0.0;2.0;3/23/16 11:00 PM
1.0;7.48;615.2916666666667;1.57;21.29;3.0;0.0;0.0;0.0;3/24/16 12:00 AM
1.0;6.97;616.375;1.37;21.29;3.0;1.0;0.0;0.0;3/24/16 1:00 AM
1.0;5.93;617.7916666666666;0.78;21.011667;3.0;2.0;0.0;0.0;3/24/16 2:00 AM
1.0;5.34;621.125;0.0;20.733334;3.0;3.0;0.0;0.0;3/24/16 3:00 AM
1.0;5.2;621.9166666666667;0.0;20.733334;3.0;4.0;0.0;0.0;3/24/16 4:00 AM
1.0;5.16;622.5833333333334;0.69;20.733334;3.0;5.0;0.0;0.0;3/24/16 5:00 AM